Stock,AsOf,TargetPosition,Recommendation,TradeNow,LastSignal,Score,AvgVolume,DollarVolume
XBRANE.ST,2026-02-18 00:00:00+01:00,0,Hold,True,1,451.665,117193.22514071295,1200996.18823018
META.ST,2026-02-18 00:00:00+01:00,0,Hold,True,1,354.094,8258044.579737335,2543477.7167770006
FREEM.ST,2026-02-18 00:00:00+01:00,-1,Sell,False,0,346.823,575811.6923076923,794620.1326389312
ORTIN.ST,2026-02-18 00:00:00+01:00,-1,Sell,False,0,333.098,135144.1726078799,79735.05829435217
KLAR.ST,2026-02-18 00:00:00+01:00,-1,Sell,False,0,313.487,753027.5966228893,623506.8568261116
RESP.ST,2026-02-18 00:00:00+01:00,-1,Sell,False,0,273.067,12603.401500938086,19913.37491236149
GREAT.ST,2026-02-18 00:00:00+01:00,-1,Sell,False,0,267.561,7731.180112570357,103597.81055923161
MINEST.ST,2026-02-18 00:00:00+01:00,-1,Sell,False,0,249.943,750840.5478424015,406204.74282725534
VPLAY-A.ST,2026-02-18 00:00:00+01:00,1,Buy,False,0,237.881,176.7560975609756,424.2146510031165
QLINEA.ST,2026-02-18 00:00:00+01:00,-1,Sell,False,0,237.215,13306.544090056284,311240.0581447465
MIDS.ST,2026-02-18 00:00:00+01:00,-1,Sell,False,0,233.587,784620.928705441,733620.5702102693
GBK.ST,2026-02-18 00:00:00+01:00,-1,Sell,False,0,229.456,125214.73545966229,164031.29628731296
DMXSE-SDB.ST,2026-02-18 00:00:00+01:00,-1,Sell,False,0,223.99,266073.58208955225,724651.4043733611
ANOT.ST,2026-02-18 00:00:00+01:00,-1,Sell,False,0,220.749,1911271.7485928705,69188.04080781866
CI.ST,2026-02-18 00:00:00+01:00,0,Hold,True,-1,206.543,1445364.3996247654,190788.09971666386
ZZ-B.ST,2026-02-18 00:00:00+01:00,-1,Sell,False,0,167.443,88495.74108818012,11592942.082551595
HILB-B.ST,2026-02-18 00:00:00+01:00,-1,Sell,False,0,166.568,256148.4484052533,1536890.6904315199
DICOT.ST,2026-02-18 00:00:00+01:00,-1,Sell,False,0,166.244,10316985.435272045,3146680.6315508042
VICO.ST,2026-02-18 00:00:00+01:00,0,Hold,True,1,163.974,489752.6003752345,5240352.7306021135
GRANGX.ST,2026-02-18 00:00:00+01:00,0,Hold,False,0,160.502,20750.615384615383,237802.05309926544
CRNO-B.ST,2026-02-18 00:00:00+01:00,-1,Sell,False,0,158.592,859153.1707317074,5515763.421645747
ADDV-A.ST,2026-02-18 00:00:00+01:00,0,Hold,False,0,157.008,29501.66416510319,50742.863208026865
MVIR.ST,2026-02-18 00:00:00+01:00,1,Buy,False,0,151.461,827947.2195121951,1208802.972071485
STW.ST,2026-02-18 00:00:00+01:00,-1,Sell,False,0,148.938,14141.425891181989,360606.3602251407
IBT-B.ST,2026-02-18 00:00:00+01:00,-1,Sell,False,0,145.142,23170.09756097561,1290574.451823723
NELLY.ST,2026-02-18 00:00:00+01:00,-1,Sell,False,0,145.025,105273.32833020638,6674329.176769435
DMYD-B.ST,2026-02-18 00:00:00+01:00,-1,Sell,False,0,139.889,336320.13320825517,5562735.311174818
TENEO.ST,2026-02-18 00:00:00+01:00,1,Buy,False,0,135.862,677131.0281425891,246475.6892392433
SNM.ST,2026-02-18 00:00:00+01:00,-1,Sell,False,0,135.066,4430528.739212007,6645793.108818011
IRLAB-A.ST,2026-02-18 00:00:00+01:00,0,Hold,True,-1,131.563,105044.5947467167,179836.3475086973
INTRUM.ST,2026-02-18 00:00:00+01:00,-1,Sell,False,0,128.901,1129897.7054409005,50630717.73248512
FG.ST,2026-02-18 00:00:00+01:00,1,Buy,False,0,128.65,125921.77298311445,2896200.7786116325
ABSO.ST,2026-02-18 00:00:00+01:00,-1,Sell,False,0,124.596,2630.046904315197,485243.6538461539
ORT-B.ST,2026-02-18 00:00:00+01:00,1,Buy,False,0,123.041,31759.44090056285,412872.73170731706
IVACC.ST,2026-02-18 00:00:00+01:00,-1,Sell,False,0,121.949,404912.3095684803,287892.66233628296
NEOLA.ST,2026-02-18 00:00:00+01:00,1,Buy,False,0,119.305,28198.484052532833,21205.2592814161
MODTX.ST,2026-02-18 00:00:00+01:00,-1,Sell,False,0,118.056,137982.56097560975,42222.66286899404
CANDLE-B.ST,2026-02-18 00:00:00+01:00,0,Hold,True,-1,114.552,8437.405253283303,320621.3996247655
K33.ST,2026-02-18 00:00:00+01:00,0,Hold,True,1,114.335,71027651.93962264,1491580.6706225802
WRV.ST,2026-02-18 00:00:00+01:00,1,Buy,False,0,111.75,13364.903732809431,49984.74008816492
NANEXA.ST,2026-02-18 00:00:00+01:00,-1,Sell,False,0,111.207,641063.7467166979,2307829.4270435097
SIVE.ST,2026-02-18 00:00:00+01:00,-1,Sell,False,0,110.588,1164185.8011257036,3608975.8724642713
SSAB-B.ST,2026-02-18 00:00:00+01:00,-1,Sell,False,0,110.188,3635484.4033771106,276296814.6566604
ATIC.ST,2026-02-18 00:00:00+01:00,-1,Sell,False,0,108.288,68905.10131332083,1722627.532833021
VER.ST,2026-02-18 00:00:00+01:00,-1,Sell,False,0,107.214,555264.8226950355,7607127.965013626
LGOLD-B.ST,2026-02-18 00:00:00+01:00,-1,Sell,False,0,106.445,7575.697604790419,1700744.112275449
SSAB-A.ST,2026-02-18 00:00:00+01:00,-1,Sell,False,0,102.871,1126128.4709193246,87117299.19765322
CLAS-B.ST,2026-02-18 00:00:00+01:00,1,Buy,False,0,102.673,96563.20825515948,35419383.609242395
ORX.ST,2026-02-18 00:00:00+01:00,-1,Sell,False,0,102.282,38533.19699812383,1013423.0516521605
DOM.ST,2026-02-18 00:00:00+01:00,-1,Sell,False,0,101.358,675229.651031895,27373810.67102423
EGTX.ST,2026-02-18 00:00:00+01:00,-1,Sell,False,0,100.216,647604.1257035647,3037263.386605924
NETEL.ST,2026-02-18 00:00:00+01:00,-1,Sell,False,0,99.905,131759.08067542213,512542.83764946973
HNSA.ST,2026-02-18 00:00:00+01:00,-1,Sell,False,0,99.757,316597.3283302064,11030250.96733331
MOBA.ST,2026-02-18 00:00:00+01:00,1,Buy,False,0,99.591,48110.5234521576,55808.205598640845
MOB.ST,2026-02-18 00:00:00+01:00,-1,Sell,False,0,99.264,364782.0994371482,3286686.799420702
AERO.ST,2026-02-18 00:00:00+01:00,0,Hold,True,1,98.747,42084.560975609755,65651.91271385332
BEO-SDB.ST,2026-02-18 00:00:00+01:00,1,Buy,False,0,98.677,81265.33395872421,90854.64584587484
SAND.ST,2026-02-18 00:00:00+01:00,-1,Sell,False,0,96.896,1954979.0825515948,742501031.688605
MAHA-A.ST,2026-02-18 00:00:00+01:00,0,Hold,True,1,95.305,364417.68292682926,3746213.683177785
MNTC.ST,2026-02-18 00:00:00+01:00,-1,Sell,False,0,94.186,14801.551594746717,184279.31453142472
LCLEAN.ST,2026-02-18 00:00:00+01:00,1,Buy,False,0,93.503,691212.5084427767,37325.47642409763
8TRA.ST,2026-02-18 00:00:00+01:00,1,Buy,False,0,92.525,131480.5966228893,51356321.84339444
BILI-A.ST,2026-02-18 00:00:00+01:00,-1,Sell,False,0,88.984,86164.24390243902,11244433.829268292
HFRTO-B.ST,2026-02-18 00:00:00+01:00,1,Buy,False,0,88.892,3120.206896551724,96726.41379310345
PCELL.ST,2026-02-18 00:00:00+01:00,0,Hold,True,1,86.767,236492.0243902439,4989981.804848694
ENEA.ST,2026-02-18 00:00:00+01:00,-1,Sell,False,0,86.624,36673.06754221388,2127037.917448405
INCOAX.ST,2026-02-18 00:00:00+01:00,0,Hold,True,1,85.691,78265.09005628517,42263.150309780634
SEYE.ST,2026-02-18 00:00:00+01:00,-1,Sell,False,0,85.547,209021.98686679173,12259139.848679576
FERRO.ST,2026-02-18 00:00:00+01:00,-1,Sell,False,0,83.933,150606.75422138837,453326.32877008105
OBAB.ST,2026-02-18 00:00:00+01:00,-1,Sell,False,0,83.665,8171.939962476547,127482.26653198185
OBSE.ST,2026-02-18 00:00:00+01:00,-1,Sell,False,0,80.822,1352246.8255159475,540898.7382663982
HEIM-PREF.ST,2026-02-18 00:00:00+01:00,0,Hold,True,-1,79.855,77583.79737335835,1683568.4621936162
SUMMAS.ST,2026-02-18 00:00:00+01:00,-1,Sell,False,0,78.086,29051.502857142856,380574.69851084024
ITAB.ST,2026-02-18 00:00:00+01:00,-1,Sell,False,0,77.16,254986.79362101314,3794203.5182615984
RVRC.ST,2026-02-18 00:00:00+01:00,0,Hold,True,1,76.573,312698.1350844278,20403553.31425891
ACOU.ST,2026-02-18 00:00:00+01:00,1,Buy,False,0,76.167,31915.91181988743,88726.23394616549
VOLCAR-B.ST,2026-02-18 00:00:00+01:00,1,Buy,False,0,75.179,5995058.504690431,153173740.22097385
ORRON.ST,2026-02-18 00:00:00+01:00,-1,Sell,False,0,72.936,839270.789868668,5308387.585841126
G5EN.ST,2026-02-18 00:00:00+01:00,-1,Sell,False,0,70.223,26589.816135084428,1568799.1519699811
ICO.ST,2026-02-18 00:00:00+01:00,1,Buy,False,0,69.838,57214.81613508443,65224.88957553174
SF.ST,2026-02-18 00:00:00+01:00,-1,Sell,False,0,68.98,1870614.1838649155,7912698.0334277265
DONE.ST,2026-02-18 00:00:00+01:00,1,Buy,False,0,68.216,211802.02244389028,2202740.952620399
RROS.ST,2026-02-18 00:00:00+01:00,-1,Sell,False,0,67.813,189950.08630393996,440684.1875446044
ARCTIC.ST,2026-02-18 00:00:00+01:00,1,Buy,False,0,67.191,232779.01313320827,37710.200238577425
TRANS.ST,2026-02-18 00:00:00+01:00,-1,Sell,False,0,65.509,65354.037523452156,373171.5567519705
ITECH.ST,2026-02-18 00:00:00+01:00,0,Hold,True,1,65.44,22134.409005628517,1018182.8142589118
FLAT-B.ST,2026-02-18 00:00:00+01:00,0,Hold,True,1,65.357,435771.19699812384,4837060.452912694
AGTIRA-B.ST,2026-02-18 00:00:00+01:00,0,Hold,True,-1,64.145,60283.909943714825,129007.57360358356
KFAST-B.ST,2026-02-18 00:00:00+01:00,-1,Sell,False,0,62.725,147211.58911819887,1513335.0968253491
ONCO.ST,2026-02-18 00:00:00+01:00,-1,Sell,False,0,62.588,1816504.975609756,4995388.682926829
CINPHA.ST,2026-02-18 00:00:00+01:00,-1,Sell,False,0,61.224,98481.31730769231,1664334.2249323588
PRESRV.ST,2026-02-18 00:00:00+01:00,0,Hold,True,-1,60.522,1763.733583489681,102296.5478424015
BTC-B.ST,2026-02-18 00:00:00+01:00,1,Buy,False,0,59.753,4826.846153846154,523230.1304421059
WPTG-B.ST,2026-02-18 00:00:00+01:00,-1,Sell,False,0,59.2,62564.74716981132,1104267.763680613
OPTI.ST,2026-02-18 00:00:00+01:00,-1,Sell,False,0,58.633,153107.41651031896,282942.5133038292
GIGA.ST,2026-02-18 00:00:00+01:00,-1,Sell,False,0,58.614,25619.812865497075,60206.55779062238
INDU-A.ST,2026-02-18 00:00:00+01:00,-1,Sell,False,0,58.251,117621.60600375234,56599518.24481624
SBB-D.ST,2026-02-18 00:00:00+01:00,-1,Sell,False,0,56.124,1120972.2420262664,10060726.299802715
CATE.ST,2026-02-18 00:00:00+01:00,-1,Sell,False,0,55.429,72617.99249530956,33578559.28660609
ENITY.ST,2026-02-18 00:00:00+01:00,-1,Sell,False,0,54.568,182804.12790697673,14425074.402588245
ALIG.ST,2026-02-18 00:00:00+01:00,-1,Sell,False,0,54.434,82276.42213883677,10416194.917232879
INDU-C.ST,2026-02-18 00:00:00+01:00,-1,Sell,False,0,54.332,353196.1651031895,169852033.6423855
SECARE.ST,2026-02-18 00:00:00+01:00,0,Hold,True,1,53.885,250406.11257035646,6084868.34441496
TRUE-B.ST,2026-02-18 00:00:00+01:00,-1,Sell,False,0,53.775,1217318.1144465292,12501857.592609866
CLAV.ST,2026-02-18 00:00:00+01:00,1,Buy,False,0,53.315,1325075.6397748592,6148350.791638662
PEAB-B.ST,2026-02-18 00:00:00+01:00,-1,Sell,False,0,50.773,343596.0487804878,34874998.951219514
SES.ST,2026-02-18 00:00:00+01:00,1,Buy,False,0,50.518,3430396.904315197,891903.162407137
AQ.ST,2026-02-18 00:00:00+01:00,-1,Sell,False,0,50.516,121258.33771106941,21972010.4231947
CAMX.ST,2026-02-18 00:00:00+01:00,-1,Sell,False,0,50.308,108447.06003752345,55850235.91932458
ALZCUR.ST,2026-02-18 00:00:00+01:00,-1,Sell,False,0,50.157,93954.32082551594,177103.89386007932
NANOFS.ST,2026-02-18 00:00:00+01:00,-1,Sell,False,0,50.038,25500.86116322702,203109.25595779493
EPI-B.ST,2026-02-18 00:00:00+01:00,-1,Sell,False,0,49.121,381531.53095684806,85157836.54522666
CHECK.ST,2026-02-18 00:00:00+01:00,-1,Sell,False,0,48.455,19826.99812382739,52343.27712683919
MYCR.ST,2026-02-18 00:00:00+01:00,1,Buy,False,0,48.388,220285.6210131332,43603336.36114628
SWED-A.ST,2026-02-18 00:00:00+01:00,-1,Sell,False,0,47.337,2294811.7410881803,806626326.9924954
PLAZ-B.ST,2026-02-18 00:00:00+01:00,-1,Sell,False,0,46.662,139053.11257035646,10234308.873000024
CLA-B.ST,2026-02-18 00:00:00+01:00,1,Buy,False,0,46.496,524387.9399624765,26560249.95925193
IVSO.ST,2026-02-18 00:00:00+01:00,1,Buy,False,0,46.266,73687.0712945591,23579862.81425891
INDT.ST,2026-02-18 00:00:00+01:00,-1,Sell,False,0,45.676,298201.2232645403,66975996.56529158
K2A-B.ST,2026-02-18 00:00:00+01:00,0,Hold,True,1,42.191,69796.9756097561,330488.68883109675
PLEJD.ST,2026-02-18 00:00:00+01:00,0,Hold,True,1,41.996,24005.148217636022,21196545.876172606
CEDER.ST,2026-02-18 00:00:00+01:00,0,Hold,True,1,41.764,12737.906191369606,496778.3414634146
BRAV.ST,2026-02-18 00:00:00+01:00,1,Buy,False,0,40.962,393579.01313320827,40656713.25776824
EPI-A.ST,2026-02-18 00:00:00+01:00,-1,Sell,False,0,40.649,1099638.339587242,284586388.86185867
INTEG-B.ST,2026-02-18 00:00:00+01:00,-1,Sell,False,0,40.109,101878.00938086303,802798.7255802136
SECT-B.ST,2026-02-18 00:00:00+01:00,-1,Sell,False,0,39.116,140520.09943714822,25391981.539459374
TREL-B.ST,2026-02-18 00:00:00+01:00,0,Hold,True,-1,38.91,419343.5196998124,163669770.61989734
NCC-B.ST,2026-02-18 00:00:00+01:00,0,Hold,True,1,38.404,213353.82176360226,46980510.90124103
G2M.ST,2026-02-18 00:00:00+01:00,1,Buy,False,0,38.034,74916.27767354596,527410.5919639344
SHB-B.ST,2026-02-18 00:00:00+01:00,0,Hold,True,1,37.776,127697.63789868668,30979447.733625915
APOTEA.ST,2026-02-18 00:00:00+01:00,0,Hold,True,-1,37.497,275484.6722972973,15867916.703968072
VSD-B.ST,2026-02-18 00:00:00+01:00,-1,Sell,False,0,36.825,88009.86116322702,62486.99953740444
BEIA-B.ST,2026-02-18 00:00:00+01:00,-1,Sell,False,0,36.026,52120.32645403377,12482818.185741087
FLUI.ST,2026-02-18 00:00:00+01:00,0,Hold,True,1,35.702,11277.93058161351,108268.13788567878
BILL.ST,2026-02-18 00:00:00+01:00,1,Buy,False,0,35.666,516860.9662288931,41555622.47347025
BURE.ST,2026-02-18 00:00:00+01:00,-1,Sell,False,0,35.658,66324.87617260788,12774171.555659195
LIAB.ST,2026-02-18 00:00:00+01:00,-1,Sell,False,0,35.464,130341.13883677298,22392608.049927186
SBB-B.ST,2026-02-18 00:00:00+01:00,-1,Sell,False,0,34.901,22178600.932457786,94746979.54545978
NOBI.ST,2026-02-18 00:00:00+01:00,-1,Sell,False,0,34.518,1519149.3789868667,4007177.428289623
SOLT.ST,2026-02-18 00:00:00+01:00,-1,Sell,False,0,34.45,3070402.8292682925,226288.6987290462
SAGA-B.ST,2026-02-18 00:00:00+01:00,-1,Sell,False,0,32.677,357773.60787992494,62252607.771106936
FAG.ST,2026-02-18 00:00:00+01:00,-1,Sell,False,0,32.44,111532.88930581613,3580205.576531015
ALIF-B.ST,2026-02-18 00:00:00+01:00,0,Hold,True,1,32.309,130382.30769230769,17992758.46153846
TROAX.ST,2026-02-18 00:00:00+01:00,1,Buy,False,0,31.905,62647.050656660416,6039175.778893877
GSKR-SDB.ST,2026-02-18 00:00:00+01:00,-1,Sell,False,0,30.45,15124.488986784141,393236.71365638764
BOL.ST,2026-02-18 00:00:00+01:00,-1,Sell,False,0,30.341,1182243.1932457786,777206704.103134
EQT.ST,2026-02-18 00:00:00+01:00,0,Hold,True,1,29.555,1133469.6829268292,346728369.0891671
HUMBLE.ST,2026-02-18 00:00:00+01:00,-1,Sell,False,0,29.182,666443.4108818012,4898359.006424242
NICA.ST,2026-02-18 00:00:00+01:00,1,Buy,False,0,28.857,122080.51594746717,49930.93215765833
FLMNG.ST,2026-02-18 00:00:00+01:00,0,Hold,True,1,28.717,10967.988742964353,64711.1346294786
LINC.ST,2026-02-18 00:00:00+01:00,0,Hold,True,1,28.68,56113.35084427767,3669813.2308379384
RAY-B.ST,2026-02-18 00:00:00+01:00,1,Buy,False,0,28.597,102509.04127579737,19066681.67729831
INWI.ST,2026-02-18 00:00:00+01:00,-1,Sell,False,0,27.899,109925.75234521576,17928890.878438238
BERNER-B.ST,2026-02-18 00:00:00+01:00,1,Buy,False,0,27.692,28739.939962476546,3261983.185741088
ZENA-SDR.ST,2026-02-18 00:00:00+01:00,-1,Sell,False,0,27.566,430060.3522727273,179335.16505210847
NP3.ST,2026-02-18 00:00:00+01:00,-1,Sell,False,0,26.888,56538.754221388364,14332574.19512195
VISC.ST,2026-02-18 00:00:00+01:00,-1,Sell,False,0,26.581,248947.38649155723,4525863.562389224
OSSD.ST,2026-02-18 00:00:00+01:00,-1,Sell,False,0,25.621,408113.54033771105,2407869.9269132353
AFRY.ST,2026-02-18 00:00:00+01:00,-1,Sell,False,0,25.587,209963.67917448404,27736203.300465938
SVEAF.ST,2026-02-18 00:00:00+01:00,-1,Sell,False,0,25.29,475344.6163141994,17350078.495468277
TRIAN-B.ST,2026-02-18 00:00:00+01:00,0,Hold,True,1,25.289,88626.92307692308,1698091.8326304508
JOMA.ST,2026-02-18 00:00:00+01:00,-1,Sell,False,0,24.835,35003.61726078799,2184225.770484452
HEXA-B.ST,2026-02-18 00:00:00+01:00,0,Hold,True,1,24.812,3492268.938086304,342172522.277011
HAMLET-B.ST,2026-02-18 00:00:00+01:00,1,Buy,False,0,23.89,168076.1200750469,853826.6771580479
SIMRIS-B.ST,2026-02-18 00:00:00+01:00,-1,Sell,False,0,23.69,350248.08255159477,31102.029087588107
DIST.ST,2026-02-18 00:00:00+01:00,0,Hold,True,1,23.577,176743.77861163227,34730.15308713175
KNOW.ST,2026-02-18 00:00:00+01:00,-1,Sell,False,0,23.3,46534.230769230766,5425891.236686707
SHOT.ST,2026-02-18 00:00:00+01:00,-1,Sell,False,0,23.21,502172.4971857411,42333143.045266815
MCAP.ST,2026-02-18 00:00:00+01:00,-1,Sell,False,0,23.066,24697.581613508442,11731351.26641651
SECU-B.ST,2026-02-18 00:00:00+01:00,-1,Sell,False,0,22.471,1065523.3283302065,164996293.89537075
TERNOR.ST,2026-02-18 00:00:00+01:00,-1,Sell,False,0,22.416,44560.96296296296,1234338.7080713909
ESSITY-B.ST,2026-02-18 00:00:00+01:00,1,Buy,False,0,21.617,1375256.4840525328,388234888.6602311
VITR.ST,2026-02-18 00:00:00+01:00,0,Hold,True,1,21.437,144522.34146341463,12761323.192266697
EQL.ST,2026-02-18 00:00:00+01:00,-1,Sell,False,0,21.357,26641.012285012286,1611781.2432432433
SDIP-B.ST,2026-02-18 00:00:00+01:00,-1,Sell,False,0,21.323,81105.29268292683,15077473.414728675
GETI-B.ST,2026-02-18 00:00:00+01:00,0,Hold,True,1,20.68,809297.3996247655,162749712.00409967
ANOD-B.ST,2026-02-18 00:00:00+01:00,-1,Sell,False,0,19.821,135378.91932457787,9476524.35272045
HEM.ST,2026-02-18 00:00:00+01:00,-1,Sell,False,0,19.618,233482.67729831144,28228056.041632146
XVIVO.ST,2026-02-18 00:00:00+01:00,0,Hold,True,1,19.337,101979.5947467167,18407316.851782363
IPCO.ST,2026-02-18 00:00:00+01:00,-1,Sell,False,0,18.96,166669.35084427768,32433856.691565424
ACAD.ST,2026-02-18 00:00:00+01:00,1,Buy,False,0,18.782,197458.75609756098,17988492.379189655
ADDT-B.ST,2026-02-18 00:00:00+01:00,0,Hold,True,1,18.736,386815.38836772984,123935648.07208687
NOBA.ST,2026-02-18 00:00:00+01:00,-1,Sell,False,0,18.516,644167.8571428572,64996537.768636435
BMAX.ST,2026-02-18 00:00:00+01:00,1,Buy,False,0,18.144,166906.96247654784,10381613.193381183
ALZ.ST,2026-02-18 00:00:00+01:00,-1,Sell,False,0,17.508,461283.5028142589,325204.8617855535
BOKUS.ST,2026-02-18 00:00:00+01:00,-1,Sell,False,0,17.435,7514.979362101313,562120.4792190752
LUMI.ST,2026-02-18 00:00:00+01:00,0,Hold,True,1,17.01,578623.7842401501,133083470.37523453
CAT-B.ST,2026-02-18 00:00:00+01:00,-1,Sell,False,0,16.952,79547.35084427768,1678449.1331591653
FRACTL.ST,2026-02-18 00:00:00+01:00,0,Hold,True,1,16.778,65666.0694183865,912758.3398659548
TELIA.ST,2026-02-18 00:00:00+01:00,1,Buy,False,0,16.708,8723151.33020638,387046215.2039262
FIRE.ST,2026-02-18 00:00:00+01:00,-1,Sell,False,0,16.662,2981.183864915572,560462.5666041275
BIM.ST,2026-02-18 00:00:00+01:00,-1,Sell,False,0,16.516,265796.53846153844,1209374.3006966664
SWEC-A.ST,2026-02-18 00:00:00+01:00,0,Hold,True,1,15.997,1205.388367729831,171165.14821763602
ACAST.ST,2026-02-18 00:00:00+01:00,-1,Sell,False,0,15.309,192822.84427767355,4695236.331717429
TOBII.ST,2026-02-18 00:00:00+01:00,-1,Sell,False,0,15.216,2148020.818011257,3256399.6297544832
SDET.ST,2026-02-18 00:00:00+01:00,1,Buy,False,0,15.076,891404.5440900563,63646.28591446912
ADTR.ST,2026-02-18 00:00:00+01:00,-1,Sell,False,0,14.769,15009.994371482177,409772.8348897465
MAVEN.ST,2026-02-18 00:00:00+01:00,-1,Sell,False,0,14.509,35434.34146341463,143863.42431389412
SWEC-B.ST,2026-02-18 00:00:00+01:00,0,Hold,True,1,14.434,257594.22514071295,36655659.02363864
LYKO-A.ST,2026-02-18 00:00:00+01:00,1,Buy,False,0,13.993,12362.489681050656,959329.1803858686
BOOZT.ST,2026-02-18 00:00:00+01:00,-1,Sell,False,0,13.972,137526.48030018763,12129835.142779037
TSEC.ST,2026-02-18 00:00:00+01:00,0,Hold,True,-1,13.815,6290.196998123827,66676.09057963229
DIOS.ST,2026-02-18 00:00:00+01:00,1,Buy,False,0,13.191,219793.51594746715,15352576.753552292
NDA-SE.ST,2026-02-18 00:00:00+01:00,0,Hold,True,1,12.898,3568696.04315197,635227895.6810507
EAST.ST,2026-02-18 00:00:00+01:00,-1,Sell,False,0,12.057,65469.20637898687,3165436.028525934
BINV.ST,2026-02-18 00:00:00+01:00,-1,Sell,False,0,11.927,97635.98686679175,2514126.6618198873
CLEMO.ST,2026-02-18 00:00:00+01:00,-1,Sell,False,0,10.355,370513.32270168856,42164.41489114738
NEOBO.ST,2026-02-18 00:00:00+01:00,1,Buy,False,0,10.212,523427.06191369606,10677911.863367822
NYF.ST,2026-02-18 00:00:00+01:00,0,Hold,True,1,10.206,314944.06378986867,21384702.411898587
AXFO.ST,2026-02-18 00:00:00+01:00,0,Hold,True,-1,9.454,277605.52720450284,91776388.98817831
DEDI.ST,2026-02-18 00:00:00+01:00,-1,Sell,False,0,8.916,23491.89305816135,939675.722326454
SAFETY-B.ST,2026-02-18 00:00:00+01:00,1,Buy,False,0,8.559,60219.99249530957,1151406.307048948
CORE-D.ST,2026-02-18 00:00:00+01:00,-1,Sell,False,0,8.422,6994.789868667917,1542351.1660412757
PACT.ST,2026-02-18 00:00:00+01:00,-1,Sell,False,0,8.258,56515.84240150094,5742009.501756163
ACUVI.ST,2026-02-18 00:00:00+01:00,-1,Sell,False,0,7.554,51839.906191369606,625189.2904208078
QSYS.ST,2026-02-18 00:00:00+01:00,0,Hold,True,-1,6.626,16641.32793522267,840387.0607287448
NEWA-B.ST,2026-02-18 00:00:00+01:00,-1,Sell,False,0,5.96,263255.7617260788,26746784.989673194
HACK.ST,2026-02-18 00:00:00+01:00,0,Hold,True,1,5.85,651184.5636363636,37898942.100450754
CRED-A.ST,2026-02-18 00:00:00+01:00,-1,Sell,False,0,5.582,111008.69793621013,7459784.16254166
BUFAB.ST,2026-02-18 00:00:00+01:00,-1,Sell,False,0,5.48,198068.8818011257,22556083.715499762
RUG.ST,2026-02-18 00:00:00+01:00,0,Hold,True,-1,5.426,32220.791744840524,2139460.6210224372
COFFEE-B.ST,2026-02-18 00:00:00+01:00,-1,Sell,False,0,5.329,3066398.522727273,52919903.9272252
PNDX-B.ST,2026-02-18 00:00:00+01:00,-1,Sell,False,0,5.231,154074.2401500938,29397365.490835164
MER.ST,2026-02-18 00:00:00+01:00,1,Buy,False,0,5.183,896690.3144329897,13373238.952663766
TEL2-B.ST,2026-02-18 00:00:00+01:00,1,Buy,False,0,5.092,1981706.765478424,372957207.2153503
APRTEC.ST,2026-02-18 00:00:00+01:00,0,Hold,True,1,4.537,36487.192307692305,432373.24276491307
SKA-B.ST,2026-02-18 00:00:00+01:00,1,Buy,False,0,4.28,697501.9493433395,188674277.29737335
LAGR-B.ST,2026-02-18 00:00:00+01:00,0,Hold,True,1,4.192,222877.1651031895,47339108.50758319
FABG.ST,2026-02-18 00:00:00+01:00,-1,Sell,False,0,4.127,663347.818011257,53830676.44380195
HEGR.ST,2026-02-18 00:00:00+01:00,0,Hold,True,-1,4.119,14203.431519699812,9019.178879554902
CS.ST,2026-02-18 00:00:00+01:00,0,Hold,True,1,3.743,92487.93996247655,7047580.742889919
AAK.ST,2026-02-18 00:00:00+01:00,-1,Sell,False,0,3.264,373196.34333958727,90537435.17199358
HM-B.ST,2026-02-18 00:00:00+01:00,0,Hold,True,-1,3.243,2708724.1894934336,498405250.8667918
ABB.ST,2026-02-18 00:00:00+01:00,1,Buy,False,0,3.04,584582.8893058161,481228641.61256945
GRNG.ST,2026-02-18 00:00:00+01:00,-1,Sell,False,0,2.89,171853.79549718575,26173333.578677554
ORES.ST,2026-02-18 00:00:00+01:00,0,Hold,True,1,2.873,41928.641651031896,5509423.257033472
SEB-A.ST,2026-02-18 00:00:00+01:00,0,Hold,True,1,2.614,2973195.812382739,580962443.5926402
EPRO-B.ST,2026-02-18 00:00:00+01:00,-1,Sell,False,0,2.373,241476.9287054409,14029809.189321565
SNX.ST,2026-02-18 00:00:00+01:00,-1,Sell,False,0,1.776,28061.855534709193,1212272.180508934
WPAY.ST,2026-02-18 00:00:00+01:00,1,Buy,False,0,1.104,63080.61726078799,86420.44594807137
SFAST.ST,2026-02-18 00:00:00+01:00,0,Hold,True,1,0.825,276879.31707317074,3195187.3084622826
NETI-B.ST,2026-02-18 00:00:00+01:00,0,Hold,True,1,0.656,821440.6735459663,1729132.6334819964
LIFCO-B.ST,2026-02-18 00:00:00+01:00,0,Hold,True,1,0.077,297350.9155722326,94498117.33908361
HANZA.ST,2026-02-18 00:00:00+01:00,-1,Sell,False,0,-0.063,105356.67729831145,14075652.730100535
BULTEN.ST,2026-02-18 00:00:00+01:00,-1,Sell,False,0,-0.208,48345.93058161351,2001521.599848835
INVE-B.ST,2026-02-18 00:00:00+01:00,0,Hold,True,1,-0.619,2796244.9868667917,1028319093.9202627
WALL-B.ST,2026-02-18 00:00:00+01:00,1,Buy,False,0,-0.752,576670.0900562851,24854480.001497164
ELIC.ST,2026-02-18 00:00:00+01:00,0,Hold,True,1,-0.905,292231.5515947467,1715399.1744179162
ESSITY-A.ST,2026-02-18 00:00:00+01:00,1,Buy,False,0,-1.051,10070.41651031895,2839857.4559099437
FING-B.ST,2026-02-18 00:00:00+01:00,-1,Sell,False,0,-1.206,97638.02063789869,1654964.524304281
AAC.ST,2026-02-18 00:00:00+01:00,-1,Sell,False,0,-1.253,29341.981238273922,3051566.048780488
PTRK.ST,2026-02-18 00:00:00+01:00,0,Hold,True,1,-1.312,32844.99249530957,320567.1342718436
MSAB-B.ST,2026-02-18 00:00:00+01:00,-1,Sell,False,0,-2.183,18229.215759849907,1217711.6683891255
AZA.ST,2026-02-18 00:00:00+01:00,-1,Sell,False,0,-2.301,304330.96998123825,101007447.07928415
DUST.ST,2026-02-18 00:00:00+01:00,-1,Sell,False,0,-2.343,1727401.9380863039,2694746.9245719025
ASKER.ST,2026-02-18 00:00:00+01:00,-1,Sell,False,0,-2.465,580319.1883408072,36960528.308478884
DUNI.ST,2026-02-18 00:00:00+01:00,-1,Sell,False,0,-2.944,47107.039399624766,4578804.085884252
AVT-B.ST,2026-02-18 00:00:00+01:00,-1,Sell,False,0,-3.018,104261.79174484052,692298.2832652901
AVEN.ST,2026-02-18 00:00:00+01:00,-1,Sell,False,0,-3.819,18349.26454033771,126609.92707825243
INVE-A.ST,2026-02-18 00:00:00+01:00,0,Hold,True,1,-4.342,323626.34896810504,117444000.06526685
LITI.ST,2026-02-18 00:00:00+01:00,-1,Sell,False,0,-4.438,22535.85928705441,276064.27626641653
ASMDEE-B.ST,2026-02-18 00:00:00+01:00,0,Hold,True,1,-4.45,508853.2217898833,55332698.25040415
STE-R.ST,2026-02-18 00:00:00+01:00,0,Hold,True,-1,-4.678,362288.9812382739,43692050.58452672
WSG.ST,2026-02-18 00:00:00+01:00,-1,Sell,False,0,-4.687,123842.82608695653,8074551.882931254
FLEXM.ST,2026-02-18 00:00:00+01:00,-1,Sell,False,0,-5.334,42762.52532833021,116741.69496197191
HUSQ-B.ST,2026-02-18 00:00:00+01:00,-1,Sell,False,0,-5.463,1151469.018761726,50630094.16055492
LEA.ST,2026-02-18 00:00:00+01:00,-1,Sell,False,0,-5.748,86594.87410071942,1246966.1540170368
HTRO.ST,2026-02-18 00:00:00+01:00,-1,Sell,False,0,-5.973,1447379.8067542214,37631874.97560976
WIHL.ST,2026-02-18 00:00:00+01:00,-1,Sell,False,0,-6.301,364115.2570356473,32497286.69043152
RATO-B.ST,2026-02-18 00:00:00+01:00,-1,Sell,False,0,-6.941,463985.7448405253,17139632.77722155
CALVIK.ST,2026-02-18 00:00:00+01:00,0,Hold,True,-1,-7.146,3578.5508982035926,166760.4663958521
MORROW.ST,2026-02-18 00:00:00+01:00,-1,Sell,False,0,-7.391,828431.6206896552,10935297.235092657
MPOS.ST,2026-02-18 00:00:00+01:00,0,Hold,False,0,-7.497,39220.89473684211,64322.26680736166
MAGLE.ST,2026-02-18 00:00:00+01:00,-1,Sell,False,0,-8.546,1816.9249530956847,19259.405195916122
SIVI.ST,2026-02-18 00:00:00+01:00,1,Buy,False,0,-8.713,5063.68085106383,452693.0758116702
SEB-C.ST,2026-02-18 00:00:00+01:00,0,Hold,True,1,-8.994,35358.63789868668,7124765.536585365
SEDANA.ST,2026-02-18 00:00:00+01:00,0,Hold,True,1,-9.266,323561.62664165103,3225909.5040175365
ALM-PREF.ST,2026-02-18 00:00:00+01:00,1,Buy,False,0,-9.466,19168.79549718574,1608261.9714631443
SAGA-D.ST,2026-02-18 00:00:00+01:00,1,Buy,False,0,-9.544,299481.36960600375,10242263.06901148
SYNSAM.ST,2026-02-18 00:00:00+01:00,-1,Sell,False,0,-9.571,203857.82926829267,12537256.5
ASSA-B.ST,2026-02-18 00:00:00+01:00,-1,Sell,False,0,-9.71,1526152.0131332083,575664557.9836315
NREST.ST,2026-02-18 00:00:00+01:00,0,Hold,True,1,-10.062,16284.741935483871,4966846.29032258
ALCA.ST,2026-02-18 00:00:00+01:00,-1,Sell,False,0,-10.134,19752.621013133208,448384.5120681777
LOOMIS.ST,2026-02-18 00:00:00+01:00,1,Buy,False,0,-10.17,112069.0731707317,49063838.86611566
FASTAT.ST,2026-02-18 00:00:00+01:00,1,Buy,False,0,-10.31,295745.3245778612,104102.35368731769
RUSTA.ST,2026-02-18 00:00:00+01:00,-1,Sell,False,0,-10.404,211437.60566037736,17094730.095013328
CORE-PREF.ST,2026-02-18 00:00:00+01:00,-1,Sell,False,0,-10.589,12751.624765478424,2932873.6960600372
HAV-B.ST,2026-02-18 00:00:00+01:00,0,Hold,True,1,-10.767,12159.917448405253,168414.86129905313
STORY-B.ST,2026-02-18 00:00:00+01:00,-1,Sell,False,0,-11.021,286502.03001876175,23779668.491557226
STOR-B.ST,2026-02-18 00:00:00+01:00,-1,Sell,False,0,-11.196,4548864.928705441,43368880.034942105
OVZON.ST,2026-02-18 00:00:00+01:00,0,Hold,True,1,-11.289,419301.00938086305,21342422.017288495
VIT-B.ST,2026-02-18 00:00:00+01:00,-1,Sell,False,0,-11.619,65895.55159474672,15590887.909511603
VOLO-PREF.ST,2026-02-18 00:00:00+01:00,1,Buy,False,0,-11.715,1717.236397748593,1088727.876172608
MEDS.ST,2026-02-18 00:00:00+01:00,-1,Sell,False,0,-11.732,31420.019417475727,1212812.7015714182
SALT-B.ST,2026-02-18 00:00:00+01:00,-1,Sell,False,0,-12.204,617954.382739212,2385303.852547364
FNM.ST,2026-02-18 00:00:00+01:00,-1,Sell,False,0,-12.215,17404.4052532833,878922.4652908067
MTG-A.ST,2026-02-18 00:00:00+01:00,-1,Sell,False,0,-12.877,359.4953095684803,31096.344277673546
SKIS-B.ST,2026-02-18 00:00:00+01:00,1,Buy,False,0,-13.025,61673.643527204506,10706544.892748749
JM.ST,2026-02-18 00:00:00+01:00,-1,Sell,False,0,-13.13,235729.10881801127,30927658.35753493
VERT-B.ST,2026-02-18 00:00:00+01:00,0,Hold,True,1,-13.132,15741.142589118199,859466.3613467762
DVYSR.ST,2026-02-18 00:00:00+01:00,-1,Sell,False,0,-13.174,28170.658536585364,2774809.8658536584
GREEN.ST,2026-02-18 00:00:00+01:00,1,Buy,False,0,-13.196,60142.00562851782,2483864.786573077
SHB-A.ST,2026-02-18 00:00:00+01:00,-1,Sell,False,0,-13.36,5203802.647279549,741281671.2242265
DOXA.ST,2026-02-18 00:00:00+01:00,-1,Sell,False,0,-13.519,2987983.594746717,1150373.6554818538
MTG-B.ST,2026-02-18 00:00:00+01:00,-1,Sell,False,0,-13.52,232820.70919324577,20290325.161447577
IDUN-B.ST,2026-02-18 00:00:00+01:00,-1,Sell,False,0,-14.081,6141.240150093809,1909925.6866791744
PCAT.ST,2026-02-18 00:00:00+01:00,0,Hold,True,1,-14.632,1076.414814814815,6350.847510062325
VOLV-A.ST,2026-02-18 00:00:00+01:00,-1,Sell,False,0,-15.348,175606.11257035646,60654350.20998647
KINV-A.ST,2026-02-18 00:00:00+01:00,-1,Sell,False,0,-16.058,12359.339587242026,862681.9409072045
SINCH.ST,2026-02-18 00:00:00+01:00,-1,Sell,False,0,-16.324,5499237.030018762,120048343.94575109
TFBANK.ST,2026-02-18 00:00:00+01:00,-1,Sell,False,0,-16.348,46710.58348968105,7521338.353077586
FLERIE.ST,2026-02-18 00:00:00+01:00,-1,Sell,False,0,-16.648,30836.656398104264,1062322.8364411937
THULE.ST,2026-02-18 00:00:00+01:00,-1,Sell,False,0,-16.705,214941.03752345216,48490699.37718679
NP3-PREF.ST,2026-02-18 00:00:00+01:00,0,Hold,True,1,-16.713,103256.22701688555,3242245.4889410813
SKF-B.ST,2026-02-18 00:00:00+01:00,0,Hold,True,-1,-16.746,1282933.7298311444,327917869.1752466
OEM-B.ST,2026-02-18 00:00:00+01:00,-1,Sell,False,0,-16.913,82602.93808630394,9994955.508442776
CIBUS.ST,2026-02-18 00:00:00+01:00,0,Hold,True,1,-17.016,209889.9287054409,31672388.96058457
BONAS.ST,2026-02-18 00:00:00+01:00,-1,Sell,False,0,-17.385,454.422138836773,82250.40712945591
KLARA-B.ST,2026-02-18 00:00:00+01:00,-1,Sell,False,0,-17.644,271703.71857410885,3917967.6425679983
OODA.ST,2026-02-18 00:00:00+01:00,-1,Sell,False,0,-17.857,12784.844277673546,567007.8242066976
REJL-B.ST,2026-02-18 00:00:00+01:00,-1,Sell,False,0,-18.259,18981.20450281426,3097732.516933248
VOLV-B.ST,2026-02-18 00:00:00+01:00,-1,Sell,False,0,-18.429,3211446.521575985,1110197101.711046
ALFA.ST,2026-02-18 00:00:00+01:00,1,Buy,False,0,-18.556,582778.9136960601,304094030.0526037
BETS-B.ST,2026-02-18 00:00:00+01:00,0,Hold,True,1,-18.664,395296.2908067542,36584672.920513645
NOLA-B.ST,2026-02-18 00:00:00+01:00,-1,Sell,False,0,-19.477,273566.5872420263,13897182.423180193
CX.ST,2026-02-18 00:00:00+01:00,-1,Sell,False,0,-19.639,15087.707317073171,493368.04077929986
AZN.ST,2026-02-18 00:00:00+01:00,1,Buy,False,0,-19.658,302599.1651031895,573547979.3976208
BEIJ-B.ST,2026-02-18 00:00:00+01:00,0,Hold,True,-1,-19.899,663611.2626641651,89487982.82062438
FPAR-D.ST,2026-02-18 00:00:00+01:00,1,Buy,False,0,-19.999,12689.275797373359,944082.1386868762
TRAC-B.ST,2026-02-18 00:00:00+01:00,-1,Sell,False,0,-20.531,1279.0562851782363,323601.2401500938
LUND-B.ST,2026-02-18 00:00:00+01:00,-1,Sell,False,0,-21.125,124690.14821763603,67582060.33395873
KABE-B.ST,2026-02-18 00:00:00+01:00,-1,Sell,False,0,-21.139,2227.041275797373,434273.0487804878
BIOG-B.ST,2026-02-18 00:00:00+01:00,-1,Sell,False,0,-21.278,180985.77485928705,18659633.11183012
KAR.ST,2026-02-18 00:00:00+01:00,0,Hold,True,1,-21.605,145289.31332082552,10533475.21575985
PREC.ST,2026-02-18 00:00:00+01:00,-1,Sell,False,0,-21.671,808668.6791744841,1609250.679269289
SVOL-B.ST,2026-02-18 00:00:00+01:00,-1,Sell,False,0,-21.671,165442.84240150094,8512034.367780095
CORE-A.ST,2026-02-18 00:00:00+01:00,-1,Sell,False,0,-21.932,8686.65478424015,31445.689324840598
HAYPP.ST,2026-02-18 00:00:00+01:00,0,Hold,True,1,-22.303,69218.48592870544,8693841.727026377
SOBI.ST,2026-02-18 00:00:00+01:00,1,Buy,False,0,-22.888,394429.3583489681,166054759.86491558
BHG.ST,2026-02-18 00:00:00+01:00,-1,Sell,False,0,-23.227,533567.6941838649,14288943.21661576
LUMEN.ST,2026-02-18 00:00:00+01:00,-1,Sell,False,0,-23.278,11731.067542213883,598284.444652908
KONT.ST,2026-02-18 00:00:00+01:00,-1,Sell,False,0,-23.655,31472.62162162162,55077.08783783783
BYGGP.ST,2026-02-18 00:00:00+01:00,0,Hold,True,1,-24.057,22997.651031894933,1007297.0976511828
INTEA-B.ST,2026-02-18 00:00:00+01:00,1,Buy,False,0,-24.123,234844.1198630137,16779611.647524953
ALIV-SDB.ST,2026-02-18 00:00:00+01:00,1,Buy,False,0,-24.238,82415.44652908067,92882208.23827392
ERIC-A.ST,2026-02-18 00:00:00+01:00,0,Hold,True,1,-24.666,35936.72420262664,3643983.888981431
GULD.ST,2026-02-18 00:00:00+01:00,0,Hold,True,1,-24.667,95319.38372093023,2230473.542708308
GOMX.ST,2026-02-18 00:00:00+01:00,-1,Sell,False,0,-24.823,599790.5647279549,12685570.215194304
GIG-SDB.ST,2026-02-18 00:00:00+01:00,0,Hold,True,-1,-24.889,205144.93895348837,703647.1543053673
VOLO.ST,2026-02-18 00:00:00+01:00,-1,Sell,False,0,-25.261,28341.660412757974,2414709.3806750956
ZOOM.ST,2026-02-18 00:00:00+01:00,-1,Sell,False,0,-25.354,72927.44840525328,119965.65123566096
STEF-B.ST,2026-02-18 00:00:00+01:00,-1,Sell,False,0,-25.396,20364.679174484052,3828559.6848030016
BRE2.ST,2026-02-18 00:00:00+01:00,1,Buy,False,0,-25.546,1767258.502814259,5973333.94175888
EKTA-B.ST,2026-02-18 00:00:00+01:00,0,Hold,True,1,-25.741,1190685.6116322703,66202118.18991217
ARCT.ST,2026-02-18 00:00:00+01:00,-1,Sell,False,0,-25.954,58323.68855534709,463673.3128906486
MAV.ST,2026-02-18 00:00:00+01:00,-1,Sell,False,0,-26.051,5906255.696060037,27168.77680474514
SAVE.ST,2026-02-18 00:00:00+01:00,-1,Sell,False,0,-26.282,279015.4446529081,82030540.72795497
LOVI.ST,2026-02-18 00:00:00+01:00,-1,Sell,False,0,-26.397,13298.652908067543,190170.7391218826
CCC.ST,2026-02-18 00:00:00+01:00,1,Buy,False,0,-26.799,25121.378986866792,340394.69006356783
HEBA-B.ST,2026-02-18 00:00:00+01:00,-1,Sell,False,0,-28.356,253283.91744840526,7522532.54145793
AEC.ST,2026-02-18 00:00:00+01:00,1,Buy,False,0,-28.408,284969.9812382739,312327.0869357948
NCC-A.ST,2026-02-18 00:00:00+01:00,0,Hold,True,1,-29.077,2954.0506566604126,658753.296435272
KAMBI.ST,2026-02-18 00:00:00+01:00,-1,Sell,False,0,-29.338,108650.7148217636,11299674.341463415
VESTUM.ST,2026-02-18 00:00:00+01:00,1,Buy,False,0,-29.649,395065.41651031893,3800529.261617619
EXPRS2.ST,2026-02-18 00:00:00+01:00,-1,Sell,False,0,-29.95,11914.83114446529,184679.882739212
ELUX-B.ST,2026-02-18 00:00:00+01:00,-1,Sell,False,0,-31.021,1839220.2833020638,147946884.07910192
KJELL.ST,2026-02-18 00:00:00+01:00,-1,Sell,False,0,-31.413,68168.11444652909,579428.9727954973
SLP-B.ST,2026-02-18 00:00:00+01:00,-1,Sell,False,0,-31.49,238547.74671669793,9529982.66332957
FRAM-B.ST,2026-02-18 00:00:00+01:00,0,Hold,True,-1,-31.762,8277.73358348968,39070.90077733367
VUXEN.ST,2026-02-18 00:00:00+01:00,-1,Sell,False,0,-31.997,7413.004926108374,120090.68545862958
PRIC-B.ST,2026-02-18 00:00:00+01:00,-1,Sell,False,0,-32.227,341806.5891181989,1063018.4563006605
ERIC-B.ST,2026-02-18 00:00:00+01:00,0,Hold,True,1,-32.307,7076036.988742964,714325912.4192511
BERG-B.ST,2026-02-18 00:00:00+01:00,-1,Sell,False,0,-33.925,23374.393996247654,6381209.560975609
LUG.ST,2026-02-18 00:00:00+01:00,-1,Sell,False,0,-34.069,183027.0243902439,128851025.17073171
SKOLON.ST,2026-02-18 00:00:00+01:00,-1,Sell,False,0,-34.621,3149.2870544090056,74008.24577861163
BEGR.ST,2026-02-18 00:00:00+01:00,0,Hold,True,1,-34.752,12366.020637898686,303585.7972258877
MIPS.ST,2026-02-18 00:00:00+01:00,-1,Sell,False,0,-34.809,56619.00562851782,13781065.624406252
EPEN.ST,2026-02-18 00:00:00+01:00,-1,Sell,False,0,-34.929,15475.315196998125,1501105.574108818
ALLEI.ST,2026-02-18 00:00:00+01:00,-1,Sell,False,0,-35.2,431213.6247654784,34626455.38462747
PIERCE.ST,2026-02-18 00:00:00+01:00,-1,Sell,False,0,-35.258,139655.4315196998,1371416.2949039966
CAST.ST,2026-02-18 00:00:00+01:00,-1,Sell,False,0,-35.484,1340951.3564727956,141202181.92884415
NOKIA-SEK.ST,2026-02-18 00:00:00+01:00,1,Buy,False,0,-35.5,489784.1219512195,32570644.109756097
LEMSE.ST,2026-02-18 00:00:00+01:00,-1,Sell,False,0,-35.755,202577.34521575985,407180.46195174917
INTEA-D.ST,2026-02-18 00:00:00+01:00,0,Hold,True,1,-36.11,51908.44863013698,1640306.9965138303
KAPIAB.ST,2026-02-18 00:00:00+01:00,1,Buy,False,0,-36.189,2181.636022514071,438508.8405253283
EFFH.ST,2026-02-18 00:00:00+01:00,-1,Sell,False,0,-36.227,6139.225140712945,25293.606877158774
ONEF.ST,2026-02-18 00:00:00+01:00,0,Hold,True,1,-36.23,9369.712945590994,185988.80554424308
NORB-B.ST,2026-02-18 00:00:00+01:00,-1,Sell,False,0,-36.759,41962.52720450282,579082.8834258558
ARP.ST,2026-02-18 00:00:00+01:00,0,Hold,True,-1,-36.931,24462.189493433394,494136.24643052404
LNFI.ST,2026-02-18 00:00:00+01:00,0,Hold,False,0,-37.186,48203.311475409835,41213.83223088061
ADVE.ST,2026-02-18 00:00:00+01:00,-1,Sell,False,0,-37.48,72071.57410881801,1239631.129657917
CHEF.ST,2026-02-18 00:00:00+01:00,-1,Sell,False,0,-37.525,44696.28301886792,4080770.776024872
BTS-B.ST,2026-02-18 00:00:00+01:00,-1,Sell,False,0,-38.072,18251.180112570357,1960176.771939147
KLIMAT.ST,2026-02-18 00:00:00+01:00,0,Hold,True,-1,-38.232,36193.86491557223,128488.21872442345
CLIME-B.ST,2026-02-18 00:00:00+01:00,-1,Sell,False,0,-38.554,31559.6904315197,67379.9387703179
AMBEA.ST,2026-02-18 00:00:00+01:00,-1,Sell,False,0,-38.904,238238.6622889306,29065116.79924953
CLBIO.ST,2026-02-18 00:00:00+01:00,-1,Sell,False,0,-39.286,21337.842401500937,326468.9928128348
MSON-B.ST,2026-02-18 00:00:00+01:00,1,Buy,False,0,-39.294,67707.52345215759,795563.4005628517
BESQAB.ST,2026-02-18 00:00:00+01:00,-1,Sell,False,0,-41.116,25403.60787992495,739244.9989965234
SVIK.ST,2026-02-18 00:00:00+01:00,-1,Sell,False,0,-41.464,14382.048780487805,4573491.5121951215
MILDEF.ST,2026-02-18 00:00:00+01:00,0,Hold,True,1,-41.996,301995.61163227016,43849761.88738816
SCST.ST,2026-02-18 00:00:00+01:00,1,Buy,False,0,-42.001,57267.50469043152,7318787.274203703
COLLAX.ST,2026-02-18 00:00:00+01:00,1,Buy,False,0,-42.12,142268.12162162163,102433.05163789119
ENVAR.ST,2026-02-18 00:00:00+01:00,-1,Sell,False,0,-42.365,7926.80276816609,330547.6814801965
SGG.ST,2026-02-18 00:00:00+01:00,-1,Sell,False,0,-42.682,12724.73962264151,473360.32367047004
PAX.ST,2026-02-18 00:00:00+01:00,0,Hold,True,1,-43.073,28672.02814258912,1439335.8346329953
BRAIN.ST,2026-02-18 00:00:00+01:00,0,Hold,True,1,-43.398,400885.9305816135,206456.2485148117
SKF-A.ST,2026-02-18 00:00:00+01:00,0,Hold,True,-1,-43.548,7577.437148217636,1924669.0356472796
LOYAL.ST,2026-02-18 00:00:00+01:00,1,Buy,False,0,-43.568,9668.189493433396,36932.483219494294
BMC.ST,2026-02-18 00:00:00+01:00,-1,Sell,False,0,-43.787,3134.8333333333335,322887.8333333334
BALD-B.ST,2026-02-18 00:00:00+01:00,-1,Sell,False,0,-44.352,1654857.3133208256,105116537.2996724
CARA.ST,2026-02-18 00:00:00+01:00,0,Hold,True,1,-44.783,113615.03939962476,2669953.425891182
DYVOX.ST,2026-02-18 00:00:00+01:00,0,Hold,True,1,-45.091,283352.8442776735,23589124.28611632
TEL2-A.ST,2026-02-18 00:00:00+01:00,1,Buy,False,0,-45.512,1342.1050656660414,253657.8574108818
CTM.ST,2026-02-18 00:00:00+01:00,0,Hold,True,-1,-45.964,200581.61350844277,377093.43243942474
MASHUP.ST,2026-02-18 00:00:00+01:00,0,Hold,False,0,-46.081,17322.21165644172,4053.3974821780544
QBEN.ST,2026-02-18 00:00:00+01:00,0,Hold,True,1,-46.428,79981.91694352159,819814.6486710963
HUFV-A.ST,2026-02-18 00:00:00+01:00,1,Buy,False,0,-46.798,220228.9061913696,27880979.18778475
SAMPO-SDB.ST,2026-02-18 00:00:00+01:00,1,Buy,False,0,-47.354,66158.63414634146,6364460.402977919
ACARIX.ST,2026-02-18 00:00:00+01:00,0,Hold,True,-1,-47.614,3031678.6397748594,907987.7179177618
PDX.ST,2026-02-18 00:00:00+01:00,-1,Sell,False,0,-47.774,115183.29080675422,13637701.807275454
NOVKAN.ST,2026-02-18 00:00:00+01:00,1,Buy,False,0,-48.297,725475.1869158879,94311.77083973016
FOI-B.ST,2026-02-18 00:00:00+01:00,1,Buy,False,0,-48.685,3326.264540337711,1646500.947467167
EMIL-B.ST,2026-02-18 00:00:00+01:00,-1,Sell,False,0,-48.956,72963.25328330207,3845163.5036965637
INISS-B.ST,2026-02-18 00:00:00+01:00,-1,Sell,False,0,-48.978,17205.947467166978,786311.812376627
BORG.ST,2026-02-18 00:00:00+01:00,1,Buy,False,0,-49.195,20695.065666041275,1243773.4149509165
EOLU-B.ST,2026-02-18 00:00:00+01:00,1,Buy,False,0,-49.38,51936.60412757974,1965800.3869799245
KINV-B.ST,2026-02-18 00:00:00+01:00,-1,Sell,False,0,-49.639,1324387.0750469044,84548871.07307981
BOMILL.ST,2026-02-18 00:00:00+01:00,1,Buy,False,0,-49.7,107050.51969981239,54381.665743057325
ATCO-A.ST,2026-02-18 00:00:00+01:00,1,Buy,False,0,-49.884,4350936.718574109,847997539.8940835
K2A-PREF.ST,2026-02-18 00:00:00+01:00,0,Hold,True,1,-50.156,4014.9005628517825,542814.5438450568
NAVIGO-PREF.ST,2026-02-18 00:00:00+01:00,0,Hold,True,-1,-50.221,3053.398865784499,383201.5576559546
TERRNT-B.ST,2026-02-18 00:00:00+01:00,-1,Sell,False,0,-50.339,7419784.1707317075,504545.3510294793
VBG-B.ST,2026-02-18 00:00:00+01:00,-1,Sell,False,0,-50.379,35547.303939962476,12896561.435491337
NYAB.ST,2026-02-18 00:00:00+01:00,1,Buy,False,0,-50.381,722185.2141119222,4658094.493276
B3.ST,2026-02-18 00:00:00+01:00,-1,Sell,False,0,-51.092,13530.076923076924,526320.0129529514
ATT.ST,2026-02-18 00:00:00+01:00,0,Hold,True,1,-51.233,258511.73170731709,26057983.345012758
EMBELL.ST,2026-02-18 00:00:00+01:00,-1,Sell,False,0,-51.236,28191.305816135085,955685.3101834983
NIVI-B.ST,2026-02-18 00:00:00+01:00,1,Buy,False,0,-51.325,48401.06191369606,2199828.3009045655
LOGI-B.ST,2026-02-18 00:00:00+01:00,-1,Sell,False,0,-51.344,804877.7729831145,11380971.986314092
ATCO-B.ST,2026-02-18 00:00:00+01:00,1,Buy,False,0,-51.532,1654849.9737335835,279835140.6587516
NORION.ST,2026-02-18 00:00:00+01:00,1,Buy,False,0,-51.643,171838.82363977487,10224410.006566605
SVED-B.ST,2026-02-18 00:00:00+01:00,-1,Sell,False,0,-52.742,40558.966228893056,2879686.6022514068
NCAB.ST,2026-02-18 00:00:00+01:00,1,Buy,False,0,-53.006,236002.27204502813,11953515.439191563
STIL.ST,2026-02-18 00:00:00+01:00,1,Buy,False,0,-53.156,8042.2120075046905,1511935.857410882
4C.ST,2026-02-18 00:00:00+01:00,-1,Sell,False,0,-53.321,77010.14071294559,777802.4505777878
HUSQ-A.ST,2026-02-18 00:00:00+01:00,-1,Sell,False,0,-53.324,18541.454033771108,816751.0360416105
CTT.ST,2026-02-18 00:00:00+01:00,1,Buy,False,0,-53.379,15293.532833020638,2116624.8507457394
ACTI.ST,2026-02-18 00:00:00+01:00,-1,Sell,False,0,-54.01,8900631.69793621,338223.9936459367
SAGA-A.ST,2026-02-18 00:00:00+01:00,-1,Sell,False,0,-54.897,1245.5553470919324,218594.96341463414
ROKO-B.ST,2026-02-18 00:00:00+01:00,0,Hold,True,1,-54.899,13965.885106382979,21113625.785757773
ARION-SDB.ST,2026-02-18 00:00:00+01:00,0,Hold,True,1,-54.997,41461.904315196996,603270.7156943469
ENGCON-B.ST,2026-02-18 00:00:00+01:00,-1,Sell,False,0,-56.36,113212.13320825515,8038061.457786116
ARJO-B.ST,2026-02-18 00:00:00+01:00,0,Hold,True,1,-56.496,613258.521575985,16656101.352427928
NORDEN.ST,2026-02-18 00:00:00+01:00,0,Hold,True,1,-57.05,125574.8686868687,69066.17927474687
HOLM-B.ST,2026-02-18 00:00:00+01:00,-1,Sell,False,0,-57.471,176962.0506566604,63564770.7560537
RAKE.ST,2026-02-18 00:00:00+01:00,-1,Sell,False,0,-57.593,106475.98123827392,196128.75825324783
CARE.ST,2026-02-18 00:00:00+01:00,-1,Sell,False,0,-57.594,34882.50656660413,676720.6140854998
FNOVA-B.ST,2026-02-18 00:00:00+01:00,1,Buy,False,0,-57.601,22112.881801125703,597047.8086303939
LATO-B.ST,2026-02-18 00:00:00+01:00,-1,Sell,False,0,-57.808,221442.7673545966,49116006.47503922
HOFI.ST,2026-02-18 00:00:00+01:00,-1,Sell,False,0,-58.807,160254.28142589118,22675980.8217636
CNCJO-B.ST,2026-02-18 00:00:00+01:00,-1,Sell,False,0,-59.05,6232.707317073171,277978.7368311068
ATRLJ-B.ST,2026-02-18 00:00:00+01:00,-1,Sell,False,0,-59.142,342825.9080675422,11025281.151141075
HMS.ST,2026-02-18 00:00:00+01:00,-1,Sell,False,0,-59.256,42304.958724202625,16701997.187897243
MEKO.ST,2026-02-18 00:00:00+01:00,-1,Sell,False,0,-59.447,100020.99061913697,6751416.866791746
NAXS.ST,2026-02-18 00:00:00+01:00,-1,Sell,False,0,-59.492,20297.410881801126,777390.8212872876
HOLM-A.ST,2026-02-18 00:00:00+01:00,0,Hold,True,-1,-59.612,1228.9681050656661,438741.6135084428
KAKEL.ST,2026-02-18 00:00:00+01:00,1,Buy,False,0,-60.051,4918.9005628517825,57551.13564716003
TIETOS.ST,2026-02-18 00:00:00+01:00,1,Buy,False,0,-60.2,15167.125703564729,3088026.8858185676
ARPL.ST,2026-02-18 00:00:00+01:00,-1,Sell,False,0,-60.295,17397.846153846152,805520.2636495737
QAIR.ST,2026-02-18 00:00:00+01:00,-1,Sell,False,0,-60.381,17578.09943714822,469335.26838288305
VNV.ST,2026-02-18 00:00:00+01:00,-1,Sell,False,0,-61.014,233963.80487804877,4248782.660885322
NMAN.ST,2026-02-18 00:00:00+01:00,1,Buy,False,0,-62.017,11881.819887429643,1720487.555960249
SINT.ST,2026-02-18 00:00:00+01:00,-1,Sell,False,0,-62.552,5326.15009380863,500658.10881801124
SDIP-PREF.ST,2026-02-18 00:00:00+01:00,1,Buy,False,0,-62.651,1908.733583489681,242409.16510318947
COOR.ST,2026-02-18 00:00:00+01:00,0,Hold,True,-1,-62.945,286613.7373358349,16523282.394748738
BRIN-B.ST,2026-02-18 00:00:00+01:00,-1,Sell,False,0,-63.04,43029.641651031896,595960.5532812974
KARNEL-B.ST,2026-02-18 00:00:00+01:00,1,Buy,False,0,-63.119,78650.69473684211,4837017.72631579
BALCO.ST,2026-02-18 00:00:00+01:00,-1,Sell,False,0,-63.452,21421.679174484052,338462.5350427091
NIBE-B.ST,2026-02-18 00:00:00+01:00,1,Buy,False,0,-63.645,6873228.874296435,270805228.1349945
GPG.ST,2026-02-18 00:00:00+01:00,0,Hold,True,1,-63.88,9768.257035647279,389753.47062750376
NOTE.ST,2026-02-18 00:00:00+01:00,1,Buy,False,0,-64.483,80716.30769230769,14464362.092134915
ENZY.ST,2026-02-18 00:00:00+01:00,0,Hold,True,1,-64.581,103162.67166979362,190850.94504870794
STE-A.ST,2026-02-18 00:00:00+01:00,1,Buy,False,0,-64.954,3116.9474671669795,380267.5909943715
LIME.ST,2026-02-18 00:00:00+01:00,-1,Sell,False,0,-66.051,16971.994371482175,3139818.958724202
ELAN-B.ST,2026-02-18 00:00:00+01:00,-1,Sell,False,0,-66.198,18303.63789868668,922503.3780229436
BIOF.ST,2026-02-18 00:00:00+01:00,-1,Sell,False,0,-66.221,171303.17823639774,38714.51760753519
EXS.ST,2026-02-18 00:00:00+01:00,-1,Sell,False,0,-66.814,7844.964352720451,953163.1688555348
WTW-A.ST,2026-02-18 00:00:00+01:00,-1,Sell,False,0,-67.641,6219.681050656661,220176.71868372592
SOF-B.ST,2026-02-18 00:00:00+01:00,-1,Sell,False,0,-68.114,32097.60225140713,661210.6186232504
PCOM-B.ST,2026-02-18 00:00:00+01:00,1,Buy,False,0,-68.31,13050.225140712946,12201.960537680767
BRIGHT.ST,2026-02-18 00:00:00+01:00,0,Hold,True,-1,-68.459,94388.96810506567,47194.48405253283
ALM.ST,2026-02-18 00:00:00+01:00,-1,Sell,False,0,-69.292,4269.508442776735,222014.43902439022
BIBB.ST,2026-02-18 00:00:00+01:00,0,Hold,True,1,-70.499,32699.639774859286,73901.18557933392
GARO.ST,2026-02-18 00:00:00+01:00,1,Buy,False,0,-71.044,56393.236397748595,934999.8551722092
TELLUS.ST,2026-02-18 00:00:00+01:00,-1,Sell,False,0,-71.222,10874.984990619138,65249.909943714825
VEFAB.ST,2026-02-18 00:00:00+01:00,0,Hold,True,1,-71.251,1525915.9643527204,3334126.2947970824
TRAIN-B.ST,2026-02-18 00:00:00+01:00,0,Hold,True,1,-71.773,25184.02814258912,513754.1645018737
CLS-B.ST,2026-02-18 00:00:00+01:00,1,Buy,False,0,-71.917,112078.34146341463,950424.284304363
SCA-B.ST,2026-02-18 00:00:00+01:00,0,Hold,True,-1,-72.999,1447563.3602251408,175227549.17286608
SERT.ST,2026-02-18 00:00:00+01:00,-1,Sell,False,0,-73.401,392708.5347091932,186536.5516461415
NTEK-B.ST,2026-02-18 00:00:00+01:00,-1,Sell,False,0,-73.527,8511.493433395872,595804.540337711
CTEK.ST,2026-02-18 00:00:00+01:00,1,Buy,False,0,-73.664,78606.15572232645,1188525.0655258154
SCA-A.ST,2026-02-18 00:00:00+01:00,0,Hold,True,-1,-73.738,9405.332082551595,1139926.2197024575
HPOL-B.ST,2026-02-18 00:00:00+01:00,-1,Sell,False,0,-73.788,424289.60975609755,32267226.116780348
VIVA.ST,2026-02-18 00:00:00+01:00,-1,Sell,False,0,-73.791,19211.484052532833,614767.4896810506
SYSR.ST,2026-02-18 00:00:00+01:00,-1,Sell,False,0,-74.125,96989.72983114446,8118040.090877626
GAPW-B.ST,2026-02-18 00:00:00+01:00,-1,Sell,False,0,-74.576,35090.04502814259,371252.6737205906
NXTCL.ST,2026-02-18 00:00:00+01:00,0,Hold,True,1,-75.128,342731.06378986867,531233.1325316058
PILA.ST,2026-02-18 00:00:00+01:00,0,Hold,True,1,-75.539,130271.74296435271,171177.07162176442
VPAB-B.ST,2026-02-18 00:00:00+01:00,-1,Sell,False,0,-75.591,15603.013133208255,805115.4538652373
USWE.ST,2026-02-18 00:00:00+01:00,-1,Sell,False,0,-76.489,4524.4108818011255,43886.78469050803
GENO.ST,2026-02-18 00:00:00+01:00,-1,Sell,False,0,-76.548,92804.14821763603,1579526.645146533
TRIBO-B.ST,2026-02-18 00:00:00+01:00,0,Hold,True,-1,-78.029,397091.3808630394,71476.45139556598
PREV-B.ST,2026-02-18 00:00:00+01:00,0,Hold,True,1,-78.317,23877.863039399625,2053496.2213883677
GCOR.ST,2026-02-18 00:00:00+01:00,-1,Sell,False,0,-78.348,103092.05440900564,115463.10142966753
VH.ST,2026-02-18 00:00:00+01:00,-1,Sell,False,0,-80.036,496.0412757973734,14087.572043420674
BIOA-B.ST,2026-02-18 00:00:00+01:00,0,Hold,True,1,-80.175,238466.35084427768,86897136.79217169
FPAR-A.ST,2026-02-18 00:00:00+01:00,-1,Sell,False,0,-80.414,101441.83864915572,4483729.345686664
GAD.ST,2026-02-18 00:00:00+01:00,0,Hold,True,-1,-80.954,10416.368421052632,36457.28947368421
ANNE-B.ST,2026-02-18 00:00:00+01:00,1,Buy,False,0,-81.819,67698.904315197,1112970.0230969542
ERMA.ST,2026-02-18 00:00:00+01:00,-1,Sell,False,0,-82.312,48896.302063789866,47722.7913505171
HUM.ST,2026-02-18 00:00:00+01:00,0,Hold,True,1,-82.361,118769.38273921201,5047698.766416511
STAR-B.ST,2026-02-18 00:00:00+01:00,1,Buy,False,0,-82.865,4101710.333958724,388842.1514432706
LANE-B.ST,2026-02-18 00:00:00+01:00,1,Buy,False,0,-83.128,80812.02857142857,71114.58475751536
VIMIAN.ST,2026-02-18 00:00:00+01:00,1,Buy,False,0,-83.573,482322.32082551596,12791188.16908232
BAHN-B.ST,2026-02-18 00:00:00+01:00,-1,Sell,False,0,-84.517,87776.23076923077,4538031.19773718
CMOTEC-B.ST,2026-02-18 00:00:00+01:00,-1,Sell,False,0,-85.02,41943.71857410882,148900.19893805395
HULT-B.ST,2026-02-18 00:00:00+01:00,-1,Sell,False,0,-85.411,12552.179104477613,36401.32060005416
PRISMA.ST,2026-02-18 00:00:00+01:00,0,Hold,True,1,-85.576,90670.59330143541,2316633.589675502
MAXENT-B.ST,2026-02-18 00:00:00+01:00,0,Hold,False,0,-86.622,94126.06896551725,16189.684411883354
TAGM-B.ST,2026-02-18 00:00:00+01:00,1,Buy,False,0,-86.633,10890.144465290807,271164.5930314807
EVO.ST,2026-02-18 00:00:00+01:00,-1,Sell,False,0,-86.647,636623.4240150094,339956908.42401505
AJA-B.ST,2026-02-18 00:00:00+01:00,-1,Sell,False,0,-87.448,6154.363977485928,334243.51606899354
SAAB-B.ST,2026-02-18 00:00:00+01:00,0,Hold,True,1,-87.557,2480597.1857410884,1621814409.7567961
OPTER.ST,2026-02-18 00:00:00+01:00,-1,Sell,False,0,-87.803,4617.529080675422,323227.0356472795
LARK.ST,2026-02-18 00:00:00+01:00,0,Hold,True,-1,-87.991,36776.668639053256,84218.56978051338
PROF-B.ST,2026-02-18 00:00:00+01:00,-1,Sell,False,0,-88.144,2446.4165103189493,251980.90056285178
BOTX.ST,2026-02-18 00:00:00+01:00,-1,Sell,False,0,-88.922,48659.9530956848,579053.4232763501
GENI.ST,2026-02-18 00:00:00+01:00,-1,Sell,False,0,-89.856,22379.373358348967,869438.6208236436
KBC.ST,2026-02-18 00:00:00+01:00,-1,Sell,False,0,-90.345,7071.8327645051195,277569.43600682594
SPRINT.ST,2026-02-18 00:00:00+01:00,1,Buy,False,0,-90.372,227525.96998123828,486905.59962827404
MANG.ST,2026-02-18 00:00:00+01:00,-1,Sell,False,0,-91.141,60.87617260787992,110185.87242026266
BRILL.ST,2026-02-18 00:00:00+01:00,1,Buy,False,0,-91.322,3575.487804878049,15517.617618746874
IMPC.ST,2026-02-18 00:00:00+01:00,-1,Sell,False,0,-91.743,55390.375234521576,77823.47561977147
STWK.ST,2026-02-18 00:00:00+01:00,-1,Sell,False,0,-91.966,11931.827392120074,236846.77828521442
KRONA.ST,2026-02-18 00:00:00+01:00,0,Hold,True,1,-92.512,1544.9718574108817,55309.991316589585
RAIL.ST,2026-02-18 00:00:00+01:00,-1,Sell,False,0,-93.302,16391.191369606004,490916.1940251864
QLIRO.ST,2026-02-18 00:00:00+01:00,0,Hold,True,-1,-94.436,26910.881801125703,527453.2935677505
WHITE-B.ST,2026-02-18 00:00:00+01:00,-1,Sell,False,0,-95.132,34.036144578313255,5411.746987951808
ALLIGO-B.ST,2026-02-18 00:00:00+01:00,1,Buy,False,0,-95.499,30296.298311444654,4138474.53425727
SOLNA.ST,2026-02-18 00:00:00+01:00,-1,Sell,False,0,-96.632,2010.6941838649157,227208.44277673546
NIL-B.ST,2026-02-18 00:00:00+01:00,-1,Sell,False,0,-96.836,21125.66228893058,1115434.9527379335
EWRK.ST,2026-02-18 00:00:00+01:00,-1,Sell,False,0,-97.282,12026.082551594747,1073929.2085581024
ADDV-B.ST,2026-02-18 00:00:00+01:00,1,Buy,False,0,-98.131,1090574.2514071295,1886693.475735387
LUC.ST,2026-02-18 00:00:00+01:00,1,Buy,False,0,-98.21,373454.92120075045,652052.3116488461
GOMERO.ST,2026-02-18 00:00:00+01:00,-1,Sell,False,0,-98.23,6230.228893058162,123358.52732926418
ENERS.ST,2026-02-18 00:00:00+01:00,0,Hold,True,-1,-98.578,52190712.5478424,67847.9264968994
W5.ST,2026-02-18 00:00:00+01:00,-1,Sell,False,0,-100.062,51755.4521575985,2960411.9029009105
CORE-B.ST,2026-02-18 00:00:00+01:00,-1,Sell,False,0,-100.214,2221655.5046904315,7686928.130978324
EG7.ST,2026-02-18 00:00:00+01:00,1,Buy,False,0,-101.412,263403.3658536585,4135432.7936622337
AGES-B.ST,2026-02-18 00:00:00+01:00,1,Buy,False,0,-101.771,902.3452157598499,46380.54546692582
MMGR-B.ST,2026-02-18 00:00:00+01:00,-1,Sell,False,0,-101.853,48858.55534709193,6263666.646392708
ACE.ST,2026-02-18 00:00:00+01:00,1,Buy,False,0,-102.201,785223.6754221389,2520568.0280589717
SFAB.ST,2026-02-18 00:00:00+01:00,1,Buy,False,0,-102.584,19956.23639774859,2043518.637580256
KEBNI-B.ST,2026-02-18 00:00:00+01:00,-1,Sell,False,0,-102.765,2069768.1613508442,2876977.714669402
CRAD-B.ST,2026-02-18 00:00:00+01:00,-1,Sell,False,0,-103.266,46606.28142589118,1302645.6014114295
MTRS.ST,2026-02-18 00:00:00+01:00,-1,Sell,False,0,-105.16,478060.382739212,88728009.95424676
CEVI.ST,2026-02-18 00:00:00+01:00,-1,Sell,False,0,-105.274,23328.260787992494,3447917.015657493
STABL.ST,2026-02-18 00:00:00+01:00,-1,Sell,False,0,-105.4,454052.32082551596,85180.21615547381
OGUN-B.ST,2026-02-18 00:00:00+01:00,-1,Sell,False,0,-105.66,12195.356472795496,358543.4756480283
SEZI.ST,2026-02-18 00:00:00+01:00,0,Hold,True,1,-106.557,242613.0018761726,1096610.7638528245
NIO.ST,2026-02-18 00:00:00+01:00,0,Hold,True,1,-108.065,39674.774859287056,176552.74055646465
XINT.ST,2026-02-18 00:00:00+01:00,-1,Sell,False,0,-108.424,380995.1669793621,97915.75764118708
SPEONE.ST,2026-02-18 00:00:00+01:00,-1,Sell,False,0,-109.706,507767.41651031893,76926.76438821103
BPCINS.ST,2026-02-18 00:00:00+01:00,1,Buy,False,0,-111.0,7953.373358348968,205992.36694726712
NOTEK.ST,2026-02-18 00:00:00+01:00,0,Hold,True,-1,-112.434,4182.913696060037,58142.498779579575
UPSALE.ST,2026-02-18 00:00:00+01:00,0,Hold,True,1,-114.224,9543.086303939963,229034.0712945591
NANOC-B.ST,2026-02-18 00:00:00+01:00,0,Hold,True,1,-114.784,7685.54,38197.13218750954
PMED.ST,2026-02-18 00:00:00+01:00,-1,Sell,False,0,-115.306,36080720.77485929,57729.151781413784
ENVI-B.ST,2026-02-18 00:00:00+01:00,-1,Sell,False,0,-115.409,11177.420262664165,245903.24577861163
YUBICO.ST,2026-02-18 00:00:00+01:00,-1,Sell,False,0,-116.888,254820.70168855536,12965277.57409157
DEVP-B.ST,2026-02-18 00:00:00+01:00,-1,Sell,False,0,-116.921,9547.630393996247,122209.67086421794
IMMNOV.ST,2026-02-18 00:00:00+01:00,-1,Sell,False,0,-117.179,4965025.630393996,877816.5199712412
CAG.ST,2026-02-18 00:00:00+01:00,-1,Sell,False,0,-117.473,4340.326454033771,444883.46153846156
HERNO-B.ST,2026-02-18 00:00:00+01:00,0,Hold,True,-1,-117.697,20089.65227817746,61072.54215930006
ELTEL.ST,2026-02-18 00:00:00+01:00,1,Buy,False,0,-117.888,59941.94371482176,549068.1952813526
NNH.ST,2026-02-18 00:00:00+01:00,0,Hold,True,1,-118.067,6182.153846153846,106023.93610323392
ARCOMA.ST,2026-02-18 00:00:00+01:00,1,Buy,False,0,-118.405,31993.91181988743,265549.4742074201
BUY.ST,2026-02-18 00:00:00+01:00,-1,Sell,False,0,-119.495,12092.782363977485,41841.02744066514
CDON.ST,2026-02-18 00:00:00+01:00,0,Hold,True,1,-121.058,6421.891181988743,491916.85474130936
BACTI-B.ST,2026-02-18 00:00:00+01:00,-1,Sell,False,0,-121.072,9386.457786116323,140796.86679174486
SIBEK.ST,2026-02-18 00:00:00+01:00,1,Buy,False,0,-121.363,2485.018761726079,95424.72424211915
JLT.ST,2026-02-18 00:00:00+01:00,1,Buy,False,0,-123.553,23706.437148217636,38878.55658395362
LAMM-B.ST,2026-02-18 00:00:00+01:00,-1,Sell,False,0,-123.609,10469.622889305816,324558.3095684803
FLEXQ.ST,2026-02-18 00:00:00+01:00,0,Hold,True,-1,-123.637,11910.422138836773,119104.22138836773
INIT.ST,2026-02-18 00:00:00+01:00,0,Hold,True,1,-123.777,65053.639774859286,207521.11460420024
TRAD.ST,2026-02-18 00:00:00+01:00,-1,Sell,False,0,-123.845,40051.0,281959.0384721756
BICO.ST,2026-02-18 00:00:00+01:00,0,Hold,True,1,-123.888,226641.82176360226,4093151.1800108654
TESSIN.ST,2026-02-18 00:00:00+01:00,0,Hold,True,-1,-124.893,5664.294117647059,31153.61764705882
ORTI-B.ST,2026-02-18 00:00:00+01:00,0,Hold,True,1,-124.944,24916.29455909944,45970.56417439937
UTG.ST,2026-02-18 00:00:00+01:00,-1,Sell,False,0,-126.375,20789.889305816134,457377.5647279549
AGROUP.ST,2026-02-18 00:00:00+01:00,0,Hold,True,1,-126.491,10151.253283302063,466957.6510318949
SANION.ST,2026-02-18 00:00:00+01:00,-1,Sell,False,0,-126.635,796046.7392120075,19901168.480300188
ATORX.ST,2026-02-18 00:00:00+01:00,-1,Sell,False,0,-127.19,751891.6716697937,139099.96105156126
BIOEX.ST,2026-02-18 00:00:00+01:00,1,Buy,False,0,-128.759,91668.25515947468,275921.44715580216
BONEX.ST,2026-02-18 00:00:00+01:00,0,Hold,True,1,-129.287,190435.82176360226,33726185.19666197
BETCO.ST,2026-02-18 00:00:00+01:00,0,Hold,True,1,-129.781,94431.42589118199,11360100.822891036
MANTEX.ST,2026-02-18 00:00:00+01:00,-1,Sell,False,0,-130.159,3090.7429643527203,16690.012302260908
FLUO.ST,2026-02-18 00:00:00+01:00,0,Hold,True,-1,-130.869,8230.712945590994,274905.82494181045
WYLD.ST,2026-02-18 00:00:00+01:00,-1,Sell,False,0,-131.441,18117873.79737336,12591922.159585353
MAGI.ST,2026-02-18 00:00:00+01:00,0,Hold,True,1,-132.345,35139.24765478424,190454.7249698424
LOGIST-A.ST,2026-02-18 00:00:00+01:00,1,Buy,False,0,-132.933,27763.03377110694,433103.3374200252
AIXIA-B.ST,2026-02-18 00:00:00+01:00,-1,Sell,False,0,-133.855,1725.3001876172607,170459.6638017837
COMPDM.ST,2026-02-18 00:00:00+01:00,0,Hold,True,-1,-133.911,7976.688555347092,27280.275467860094
XSPRAY.ST,2026-02-18 00:00:00+01:00,1,Buy,False,0,-135.627,53085.765478424015,1388192.7470101756
QIIWI.ST,2026-02-18 00:00:00+01:00,-1,Sell,False,0,-136.483,14790.163227016885,27657.605305046567
BONAV-B.ST,2026-02-18 00:00:00+01:00,0,Hold,True,1,-136.789,457088.8799249531,5850737.750222185
SBOK.ST,2026-02-18 00:00:00+01:00,0,Hold,True,1,-137.533,2746.033771106942,127141.36150719391
SYNACT.ST,2026-02-18 00:00:00+01:00,-1,Sell,False,0,-138.051,159893.3114446529,3060357.8834595243
SVOL-A.ST,2026-02-18 00:00:00+01:00,1,Buy,False,0,-139.046,180.58536585365854,15629.662587979945
ISOFOL.ST,2026-02-18 00:00:00+01:00,0,Hold,True,-1,-140.079,1167373.0375234522,686999.0593016
BOAT.ST,2026-02-18 00:00:00+01:00,-1,Sell,False,0,-140.625,19830.60037523452,254823.2223865373
SPEC.ST,2026-02-18 00:00:00+01:00,0,Hold,True,-1,-141.594,1257093.3283302065,126715.00766052773
CASE.ST,2026-02-18 00:00:00+01:00,1,Buy,False,0,-142.304,4212.669793621013,91836.1982869261
2CUREX.ST,2026-02-18 00:00:00+01:00,-1,Sell,False,0,-142.364,128575.79362101313,182577.6214239642
LEVEL.ST,2026-02-18 00:00:00+01:00,1,Buy,False,0,-142.866,153475.68105065665,115720.66475630454
DBP-B.ST,2026-02-18 00:00:00+01:00,-1,Sell,False,0,-142.931,262404.3564727955,28077.266345915858
MCOV-B.ST,2026-02-18 00:00:00+01:00,-1,Sell,False,0,-143.447,81620.05253283303,17262641.110694185
TEQ.ST,2026-02-18 00:00:00+01:00,-1,Sell,False,0,-144.405,20200.643527204502,3312905.5384615385
GUARD.ST,2026-02-18 00:00:00+01:00,-1,Sell,False,0,-144.966,43674.88555347092,69443.06948782534
ACUC.ST,2026-02-18 00:00:00+01:00,1,Buy,False,0,-145.702,588023.1275797373,552741.7385229967
HEART.ST,2026-02-18 00:00:00+01:00,1,Buy,False,0,-145.86,8554.568480300188,119763.95872420263
SPGR.ST,2026-02-18 00:00:00+01:00,-1,Sell,False,0,-147.748,1747.7279549718573,26565.464582219578
FREJA.ST,2026-02-18 00:00:00+01:00,0,Hold,True,1,-148.879,51172.33771106942,811081.572241148
S2M.ST,2026-02-18 00:00:00+01:00,1,Buy,False,0,-149.733,6155533.681050656,78790.82912702458
YIELD.ST,2026-02-18 00:00:00+01:00,0,Hold,True,1,-150.836,52482.72045028143,87383.72754766168
NEPA.ST,2026-02-18 00:00:00+01:00,1,Buy,False,0,-151.658,17866.037523452156,306402.536711852
CLEM.ST,2026-02-18 00:00:00+01:00,1,Buy,False,0,-151.731,23037.947467166978,207341.5272045028
LYGRD.ST,2026-02-18 00:00:00+01:00,1,Buy,False,0,-151.935,39188.60037523452,114430.71608553773
RATO-A.ST,2026-02-18 00:00:00+01:00,-1,Sell,False,0,-152.634,4899.628517823639,181286.25515947465
SEAF.ST,2026-02-18 00:00:00+01:00,-1,Sell,False,0,-152.742,41562.566604127576,284287.961914177
CHARGE.ST,2026-02-18 00:00:00+01:00,1,Buy,False,0,-154.764,53858.08818011257,84018.61447919109
IMMU.ST,2026-02-18 00:00:00+01:00,0,Hold,True,1,-154.905,50907.245778611636,250972.71294974745
GOTL-B.ST,2026-02-18 00:00:00+01:00,0,Hold,True,-1,-155.379,49.1031894934334,123740.03752345216
ELON.ST,2026-02-18 00:00:00+01:00,-1,Sell,False,0,-158.358,4358.3808630394,83245.0761466429
LOGI-A.ST,2026-02-18 00:00:00+01:00,-1,Sell,False,0,-159.363,23184.365853658535,324581.1219512195
IDLDX.ST,2026-02-18 00:00:00+01:00,0,Hold,True,-1,-161.035,171957.35978835978,60357.035171614436
MODEL.ST,2026-02-18 00:00:00+01:00,0,Hold,True,-1,-161.255,2395.9655172413795,20365.706896551725
ACROUD.ST,2026-02-18 00:00:00+01:00,1,Buy,False,0,-161.484,192046.6210131332,27078.57406651409
ANGL.ST,2026-02-18 00:00:00+01:00,1,Buy,False,0,-162.405,76784.7617260788,240336.31298994526
CANTA.ST,2026-02-18 00:00:00+01:00,-1,Sell,False,0,-162.718,1646405.8217636023,8330813.363915731
APTA.ST,2026-02-18 00:00:00+01:00,-1,Sell,False,0,-163.165,34281.703564727955,33116.12634643918
AXIC-A.ST,2026-02-18 00:00:00+01:00,0,Hold,True,1,-163.398,75016.73545966229,100522.42801990116
DRIL.ST,2026-02-18 00:00:00+01:00,-1,Sell,False,0,-164.524,26589.465290806755,102103.54443450582
AQUAT.ST,2026-02-18 00:00:00+01:00,-1,Sell,False,0,-166.177,363.39587242026266,19441.679174484052
ALBERT.ST,2026-02-18 00:00:00+01:00,-1,Sell,False,0,-166.255,27505.863039399625,144680.84588283446
STUDBO.ST,2026-02-18 00:00:00+01:00,-1,Sell,False,0,-167.349,221783.92120075048,370379.13888732
VIMAB.ST,2026-02-18 00:00:00+01:00,-1,Sell,False,0,-168.848,18172.30018761726,38525.27431809388
XPC.ST,2026-02-18 00:00:00+01:00,-1,Sell,False,0,-169.138,719204.1425891182,128377.93705155478
INSTAL.ST,2026-02-18 00:00:00+01:00,1,Buy,False,0,-170.033,524850.3208255159,18369761.228893057
NFGAB.ST,2026-02-18 00:00:00+01:00,1,Buy,False,0,-170.62,2800.4409005628518,30804.849906191368
BIOVIC-B.ST,2026-02-18 00:00:00+01:00,-1,Sell,False,0,-171.204,253628.78799249532,96378.93822775192
EMBRAC-B.ST,2026-02-18 00:00:00+01:00,1,Buy,False,0,-172.171,1049207.3339587243,55177813.85298564
ACCON.ST,2026-02-18 00:00:00+01:00,-1,Sell,False,0,-172.661,200573.59849906192,2081953.9753740896
SCIB.ST,2026-02-18 00:00:00+01:00,-1,Sell,False,0,-173.917,285546.5328330206,76812.01556201298
FMM-B.ST,2026-02-18 00:00:00+01:00,1,Buy,False,0,-174.598,10392.795497185742,773224.0008487666
CINT.ST,2026-02-18 00:00:00+01:00,-1,Sell,False,0,-175.584,935461.04315197,2132851.1516227364
SDOS.ST,2026-02-18 00:00:00+01:00,-1,Sell,False,0,-175.818,60829.86116322702,60708.20300722122
NEWBRY.ST,2026-02-18 00:00:00+01:00,1,Buy,False,0,-176.405,33628.641651031896,38336.651001114784
HOME-B.ST,2026-02-18 00:00:00+01:00,0,Hold,True,-1,-176.57,6536.037523452158,223532.4882886647
AXOLOT.ST,2026-02-18 00:00:00+01:00,1,Buy,False,0,-177.001,648159.0806754221,233985.42905102638
BEAMMW-B.ST,2026-02-18 00:00:00+01:00,0,Hold,True,-1,-177.548,109640.26454033771,802566.7552562709
WAYS.ST,2026-02-18 00:00:00+01:00,0,Hold,True,1,-178.024,14394.287054409006,598802.3194994756
CFISH.ST,2026-02-18 00:00:00+01:00,1,Buy,False,0,-178.124,173664.70919324577,484524.5320243728
NAVIGO-STAM.ST,2026-02-18 00:00:00+01:00,-1,Sell,False,0,-179.04,36233.448405253286,76814.90647254787
HAKI-B.ST,2026-02-18 00:00:00+01:00,-1,Sell,False,0,-179.908,6832.047258979206,129808.89792060491
TINGS-B.ST,2026-02-18 00:00:00+01:00,-1,Sell,False,0,-180.524,7282.373358348968,249057.17441154466
DURC-B.ST,2026-02-18 00:00:00+01:00,1,Buy,False,0,-182.114,11218.009380863039,215385.7886712323
ESGR-B.ST,2026-02-18 00:00:00+01:00,-1,Sell,False,0,-182.225,9124.587242026266,119532.09635129788
SYNT.ST,2026-02-18 00:00:00+01:00,-1,Sell,False,0,-184.566,53024.71106941839,54880.574186957354
INFREA.ST,2026-02-18 00:00:00+01:00,-1,Sell,False,0,-184.619,20641.255159474673,319939.4549718574
ONCOZ.ST,2026-02-18 00:00:00+01:00,-1,Sell,False,0,-185.084,51445.13883677298,287578.33394746616
NANECH.ST,2026-02-18 00:00:00+01:00,-1,Sell,False,0,-186.215,1033909.4739583334,51902.25601176382
SENZA.ST,2026-02-18 00:00:00+01:00,1,Buy,False,0,-189.152,24593.075046904316,143131.70099466425
TITA-B.ST,2026-02-18 00:00:00+01:00,0,Hold,True,-1,-190.897,29172.767354596625,267222.54451669403
TINGS-A.ST,2026-02-18 00:00:00+01:00,-1,Sell,False,0,-190.986,1971.7898686679175,76111.08592186905
TALK.ST,2026-02-18 00:00:00+01:00,-1,Sell,False,0,-191.662,19080.953095684803,280490.00686716364
BIOWKS.ST,2026-02-18 00:00:00+01:00,1,Buy,False,0,-194.657,78928.87054409005,235208.0357268371
IRIS.ST,2026-02-18 00:00:00+01:00,-1,Sell,False,0,-194.759,198387.24577861163,23211.307495951933
SUS.ST,2026-02-18 00:00:00+01:00,0,Hold,True,1,-198.53,239734.46153846153,5964593.201883756
WBGR-B.ST,2026-02-18 00:00:00+01:00,1,Buy,False,0,-199.511,14837.373358348968,72703.13087091214
SFTR.ST,2026-02-18 00:00:00+01:00,0,Hold,True,-1,-200.077,8838.086303939963,29165.68438156908
NITRO.ST,2026-02-18 00:00:00+01:00,0,Hold,True,-1,-200.285,79639.38273921201,114680.71570146733
SAXG.ST,2026-02-18 00:00:00+01:00,0,Hold,True,1,-200.456,2791.0525328330205,28887.39477952381
IZAFE-B.ST,2026-02-18 00:00:00+01:00,-1,Sell,False,0,-202.76,355885.9080675422,137016.07121201124
SUSG.ST,2026-02-18 00:00:00+01:00,1,Buy,False,0,-205.064,72014.94371482177,133947.79633975052
GOTL-A.ST,2026-02-18 00:00:00+01:00,0,Hold,True,-1,-206.895,22.133208255159474,54890.356472795494
BOUL.ST,2026-02-18 00:00:00+01:00,-1,Sell,False,0,-207.598,43825.08255159474,190639.10491995158
SLEEP.ST,2026-02-18 00:00:00+01:00,-1,Sell,False,0,-210.443,37939.06941838649,589573.1373144655
ABI.ST,2026-02-18 00:00:00+01:00,0,Hold,True,-1,-210.763,342318.31894934335,201967.7992024574
IS.ST,2026-02-18 00:00:00+01:00,-1,Sell,False,0,-211.47,139805.6885553471,139246.4646678284
TOURN.ST,2026-02-18 00:00:00+01:00,1,Buy,False,0,-212.453,9726.414634146342,43574.337746492245
SFL.ST,2026-02-18 00:00:00+01:00,0,Hold,True,-1,-212.917,40926.101313320825,131372.7867769667
BONAV-A.ST,2026-02-18 00:00:00+01:00,-1,Sell,False,0,-215.208,4017.6454033771106,50220.56754221388
NOSA.ST,2026-02-18 00:00:00+01:00,-1,Sell,False,0,-218.158,423989.36981132074,239977.97684364318
NEXAM.ST,2026-02-18 00:00:00+01:00,0,Hold,True,-1,-219.832,80419.3114446529,188181.18187804293
SPERM.ST,2026-02-18 00:00:00+01:00,1,Buy,False,0,-220.392,6503746.765478424,59834.47157011479
MOMENT.ST,2026-02-18 00:00:00+01:00,1,Buy,False,0,-220.958,9952.470919324578,66482.50403263333
PRCO-B.ST,2026-02-18 00:00:00+01:00,-1,Sell,False,0,-220.993,6749.275797373359,145784.35979790895
TRAN-B.ST,2026-02-18 00:00:00+01:00,1,Buy,False,0,-221.543,24917.305816135085,28530.31468421478
REDS.ST,2026-02-18 00:00:00+01:00,-1,Sell,False,0,-223.0,11035.120075046905,47561.366892017526
BONG.ST,2026-02-18 00:00:00+01:00,1,Buy,False,0,-223.153,82197.96060037524,48496.79459849409
UNIBAP.ST,2026-02-18 00:00:00+01:00,-1,Sell,False,0,-224.003,164217.26829268291,863782.868805862
FPIP.ST,2026-02-18 00:00:00+01:00,0,Hold,True,1,-224.915,34421.90243902439,767608.3981284164
REALFI.ST,2026-02-18 00:00:00+01:00,-1,Sell,False,0,-225.021,26128.450281425892,103468.66411116782
XANO-B.ST,2026-02-18 00:00:00+01:00,1,Buy,False,0,-228.12,15969.88555347092,1106713.1175917578
BBROOM.ST,2026-02-18 00:00:00+01:00,0,Hold,True,1,-230.862,9673.934333958725,46434.88664815842
RECY-B.ST,2026-02-18 00:00:00+01:00,-1,Sell,False,0,-232.087,1944999.0825515948,70408.9703590419
VPLAY-B.ST,2026-02-18 00:00:00+01:00,-1,Sell,False,0,-233.899,21147228.589118198,24308739.525369763
ENRO.ST,2026-02-18 00:00:00+01:00,-1,Sell,False,0,-237.645,973787.4371482177,405095.58221174317
CDMIL.ST,2026-02-18 00:00:00+01:00,-1,Sell,False,0,-237.656,21558.251407129457,331997.0634459734
ORGC.ST,2026-02-18 00:00:00+01:00,-1,Sell,False,0,-238.149,74044.39587242027,113658.14519266677
ECO-B.ST,2026-02-18 00:00:00+01:00,1,Buy,False,0,-240.6,492570.7054409006,45217.98917993347
ACRI-B.ST,2026-02-18 00:00:00+01:00,0,Hold,True,-1,-243.418,17188.984990619138,183922.13612108608
ALPCOT-B.ST,2026-02-18 00:00:00+01:00,-1,Sell,False,0,-245.614,69348.81238273921,66574.85839936556
MEAB-B.ST,2026-02-18 00:00:00+01:00,1,Buy,False,0,-245.635,3838.0731707317073,130878.28926551633
INSP.ST,2026-02-18 00:00:00+01:00,-1,Sell,False,0,-245.984,274395.3058161351,14488.072068586805
VSSAB-B.ST,2026-02-18 00:00:00+01:00,1,Buy,False,0,-246.778,2274.1294559099438,302459.21763602254
FIRST-B.ST,2026-02-18 00:00:00+01:00,0,Hold,True,-1,-247.245,35337.896810506565,46999.40427451174
ANNX.ST,2026-02-18 00:00:00+01:00,1,Buy,False,0,-252.103,5411.1275797373355,121209.25572193495
CIRCHE.ST,2026-02-18 00:00:00+01:00,1,Buy,False,0,-253.717,65631.99061913697,73179.67016625316
ZENZIP-B.ST,2026-02-18 00:00:00+01:00,1,Buy,False,0,-266.283,147906.32270168856,42892.832349263146
PROGEN.ST,2026-02-18 00:00:00+01:00,0,Hold,True,-1,-266.499,182531.8123827392,250068.5838347322
SONE.ST,2026-02-18 00:00:00+01:00,-1,Sell,False,0,-266.531,5007.5140712945595,31797.713875166697
SLOTT-B.ST,2026-02-18 00:00:00+01:00,-1,Sell,False,0,-268.685,704.7054409005628,20859.28131948045
ELUX-A.ST,2026-02-18 00:00:00+01:00,-1,Sell,False,0,-273.021,1187.8330206378987,101559.72326454034
PION-B.ST,2026-02-18 00:00:00+01:00,-1,Sell,False,0,-275.443,16455.96622889306,84254.54520869658
SERV.ST,2026-02-18 00:00:00+01:00,1,Buy,False,0,-278.237,8120147.071856287,17864.323461284137
VIVE.ST,2026-02-18 00:00:00+01:00,-1,Sell,False,0,-293.472,944849.9737335835,82485.40513985555
DLAB.ST,2026-02-18 00:00:00+01:00,0,Hold,True,-1,-294.93,17353.65666041276,41301.70483775076
KAV.ST,2026-02-18 00:00:00+01:00,0,Hold,True,-1,-295.4,3858.452157598499,21800.255058402192
BIOSGN.ST,2026-02-18 00:00:00+01:00,0,Hold,True,1,-295.448,2101.0844277673546,89506.1934168889
OXE.ST,2026-02-18 00:00:00+01:00,1,Buy,False,0,-298.698,219762.72795497187,72082.17676026044
NEO-B.ST,2026-02-18 00:00:00+01:00,1,Buy,False,0,-305.485,36705.0880195599,124797.30276697363
SODER.ST,2026-02-18 00:00:00+01:00,1,Buy,False,0,-306.106,3260.9924953095683,70111.33864915572
SKMO.ST,2026-02-18 00:00:00+01:00,-1,Sell,False,0,-307.028,531.405253283302,26038.8574108818
UMIDA-B.ST,2026-02-18 00:00:00+01:00,1,Buy,False,0,-307.499,121058.73358348968,114521.55954551854
PERP-B.ST,2026-02-18 00:00:00+01:00,1,Buy,False,0,-307.63,16099.99427480916,64399.97709923664
THUNDR.ST,2026-02-18 00:00:00+01:00,0,Hold,True,-1,-307.955,253859.48405253285,75142.4082479468
XMR.ST,2026-02-18 00:00:00+01:00,1,Buy,False,0,-308.119,4029039.637898687,64464.637268284816
C100.ST,2026-02-18 00:00:00+01:00,0,Hold,False,0,-308.586,195088.36956521738,13168.465468919956
GGEO.ST,2026-02-18 00:00:00+01:00,-1,Sell,False,0,-310.132,18516.622889305818,167760.6111469949
LIPUM.ST,2026-02-18 00:00:00+01:00,-1,Sell,False,0,-312.051,16312.499061913695,223481.23403685534
PRFO.ST,2026-02-18 00:00:00+01:00,-1,Sell,False,0,-313.414,28166.951219512193,267586.03658536583
RAMSH.ST,2026-02-18 00:00:00+01:00,0,Hold,True,1,-313.931,4812.545171339564,120313.6292834891
ABAS.ST,2026-02-18 00:00:00+01:00,1,Buy,False,0,-314.728,2539.001876172608,20312.015009380862
PREBON.ST,2026-02-18 00:00:00+01:00,1,Buy,False,0,-316.438,13958.225140712946,14097.807259004067
POLYG.ST,2026-02-18 00:00:00+01:00,-1,Sell,False,0,-319.917,14508.626641651032,92855.21189021706
AMH2-B.ST,2026-02-18 00:00:00+01:00,-1,Sell,False,0,-323.195,880.5853658536586,53275.41463414634
VO2.ST,2026-02-18 00:00:00+01:00,1,Buy,False,0,-323.512,31030.79737335835,78818.22414459923
EDYOU.ST,2026-02-18 00:00:00+01:00,0,Hold,True,1,-323.696,263770.5140712946,149294.1069395341
HEXI.ST,2026-02-18 00:00:00+01:00,0,Hold,True,1,-324.939,503467.7429643527,75268.42631279206
HIGHCO-B.ST,2026-02-18 00:00:00+01:00,1,Buy,False,0,-328.946,723.626641651032,26484.733980261142
LXB.ST,2026-02-18 00:00:00+01:00,-1,Sell,False,0,-329.069,73529.63977485929,32132.453054945978
DIVIO-B.ST,2026-02-18 00:00:00+01:00,0,Hold,True,1,-333.622,598887.181988743,71267.57629869747
EPIS-B.ST,2026-02-18 00:00:00+01:00,-1,Sell,False,0,-335.222,6030497.003752345,217700.9426981292
RPLAN.ST,2026-02-18 00:00:00+01:00,-1,Sell,False,0,-336.526,3562.7242026266417,3990.2511239302316
VAXXA.ST,2026-02-18 00:00:00+01:00,0,Hold,True,-1,-339.309,93155.73545966229,61855.405990949606
SMOL.ST,2026-02-18 00:00:00+01:00,-1,Sell,False,0,-340.964,498084.1726078799,198237.50164795638
BINERO.ST,2026-02-18 00:00:00+01:00,-1,Sell,False,0,-347.626,5540.142589118199,12188.313960234622
AERW-B.ST,2026-02-18 00:00:00+01:00,1,Buy,False,0,-347.731,22880.191369606004,45989.18443470556
MRSELL.ST,2026-02-18 00:00:00+01:00,-1,Sell,False,0,-354.569,142107.8393574297,338216.6739336343
EMB.ST,2026-02-18 00:00:00+01:00,-1,Sell,False,0,-355.485,150863.56285178236,96552.67806702014
ACRI-A.ST,2026-02-18 00:00:00+01:00,0,Hold,True,-1,-358.121,2797.4784240150093,30772.2626641651
KENH.ST,2026-02-18 00:00:00+01:00,0,Hold,True,1,-359.203,11342.234521575985,29943.500326808353
BUSER.ST,2026-02-18 00:00:00+01:00,-1,Sell,False,0,-361.807,10735.47842401501,149223.1459985486
ABERA.ST,2026-02-18 00:00:00+01:00,0,Hold,True,1,-364.061,11835.714821763602,76932.14634146342
FLOWS.ST,2026-02-18 00:00:00+01:00,-1,Sell,False,0,-365.004,22512.386491557223,60783.44460067874
NICO.ST,2026-02-18 00:00:00+01:00,1,Buy,False,0,-365.155,6438.538461538462,8048.173076923077
FRAG.ST,2026-02-18 00:00:00+01:00,-1,Sell,False,0,-367.729,3773643.8236397747,22339971.72385364
QLIFE.ST,2026-02-18 00:00:00+01:00,1,Buy,False,0,-370.312,112153.74859287054,231036.71568382435
GOSOL.ST,2026-02-18 00:00:00+01:00,1,Buy,False,0,-375.613,68865.92563600783,28785.957786053827
OPSYH.ST,2026-02-18 00:00:00+01:00,-1,Sell,False,0,-376.171,5700.604651162791,34203.62790697675
FABLE.ST,2026-02-18 00:00:00+01:00,-1,Sell,False,0,-380.135,14340.180112570357,58221.13043648396
RO.ST,2026-02-18 00:00:00+01:00,1,Buy,False,0,-385.59,34501.572232645405,7348.83486910184
WISE.ST,2026-02-18 00:00:00+01:00,-1,Sell,False,0,-388.305,3146.0037523452156,37437.44345280287
POLAR.ST,2026-02-18 00:00:00+01:00,0,Hold,True,1,-388.976,5318.5140712945595,13402.655358219685
MNDRK.ST,2026-02-18 00:00:00+01:00,0,Hold,True,-1,-389.043,42035.52532833021,56327.60534304951
GJAB.ST,2026-02-18 00:00:00+01:00,1,Buy,False,0,-394.003,5945.585365853659,78481.72569523788
FINE.ST,2026-02-18 00:00:00+01:00,0,Hold,True,1,-394.573,825500.5722326454,40284.427147535134
DSNO.ST,2026-02-18 00:00:00+01:00,1,Buy,False,0,-399.126,654627.8986866792,38884.896971286886
CAT-A.ST,2026-02-18 00:00:00+01:00,-1,Sell,False,0,-403.979,425.0694183864916,9436.541412482342
XOM-B.ST,2026-02-18 00:00:00+01:00,-1,Sell,False,0,-407.21,1257178.6960784313,367096.1738596763
BRAVE.ST,2026-02-18 00:00:00+01:00,-1,Sell,False,0,-407.624,158453.07242990655,266201.15337104857
TOUCH.ST,2026-02-18 00:00:00+01:00,0,Hold,True,-1,-407.681,8891.153846153846,31207.949915207348
SPAGO.ST,2026-02-18 00:00:00+01:00,-1,Sell,False,0,-408.041,204356.5703564728,24931.5018636435
ABSL-B.ST,2026-02-18 00:00:00+01:00,1,Buy,False,0,-408.93,8446.746716697937,17569.232526296077
TRAN-A.ST,2026-02-18 00:00:00+01:00,-1,Sell,False,0,-419.597,11998.257035647279,14397.909014898214
GPX.ST,2026-02-18 00:00:00+01:00,0,Hold,True,-1,-420.57,4693.06191369606,32851.433395872424
MOFAST.ST,2026-02-18 00:00:00+01:00,-1,Sell,False,0,-421.159,5491.654784240151,83473.15167300026
DEX.ST,2026-02-18 00:00:00+01:00,0,Hold,True,1,-425.974,7978.562851782364,89359.90241817238
FSPORT.ST,2026-02-18 00:00:00+01:00,-1,Sell,False,0,-431.066,132988.72795497187,4521.616996198166
ZENI.ST,2026-02-18 00:00:00+01:00,1,Buy,False,0,-439.474,17097.36210131332,18465.151803157565
HELIO.ST,2026-02-18 00:00:00+01:00,0,Hold,True,1,-457.111,31801.50469043152,3243.753417767459
WTG.ST,2026-02-18 00:00:00+01:00,1,Buy,False,0,-462.833,1039.7542213883678,10241.57947731018
STAR-A.ST,2026-02-18 00:00:00+01:00,-1,Sell,False,0,-466.166,64531.18011257036,7388.820192123751
ISAB.ST,2026-02-18 00:00:00+01:00,-1,Sell,False,0,-467.751,93824.10318949343,24206.61734783297
HAKI-A.ST,2026-02-18 00:00:00+01:00,-1,Sell,False,0,-471.925,825.2795497185741,18486.261598876896
MTI.ST,2026-02-18 00:00:00+01:00,1,Buy,False,0,-474.327,13505.23076923077,9453.661377466642
SAFE.ST,2026-02-18 00:00:00+01:00,-1,Sell,False,0,-495.375,48933.285178236394,65081.27138704318
NATTA.ST,2026-02-18 00:00:00+01:00,-1,Sell,False,0,-497.202,71650.03752345216,41557.02056781325
VIDH.ST,2026-02-18 00:00:00+01:00,1,Buy,False,0,-502.208,6307.652908067542,54371.96734568862
PRO.ST,2026-02-18 00:00:00+01:00,-1,Sell,False,0,-512.02,5675.996247654784,68111.95497185741
ODIN.ST,2026-02-18 00:00:00+01:00,1,Buy,False,0,-525.939,46290.48030018762,8702.609998449489
LIGR.ST,2026-02-18 00:00:00+01:00,1,Buy,False,0,-536.014,4816.521575984991,3925.465072944285
NIDHOG.ST,2026-02-18 00:00:00+01:00,-1,Sell,False,0,-538.146,19114.617260787993,10226.320735822364
ODI.ST,2026-02-18 00:00:00+01:00,0,Hold,True,-1,-542.332,5087.168855534709,17703.347714290834
NFO.ST,2026-02-18 00:00:00+01:00,-1,Sell,False,0,-545.125,2283.889305816135,21354.365880615493
REFINE.ST,2026-02-18 00:00:00+01:00,-1,Sell,False,0,-554.704,205752.44444444444,32817.51547755135
COMINT.ST,2026-02-18 00:00:00+01:00,1,Buy,False,0,-555.311,11623.0,40215.58044338226
SIN.ST,2026-02-18 00:00:00+01:00,0,Hold,True,-1,-566.611,34937.73358348968,118089.54351050142
AMIDO.ST,2026-02-18 00:00:00+01:00,-1,Sell,False,0,-568.507,13991.604127579738,61842.89131137712
MIR.ST,2026-02-18 00:00:00+01:00,1,Buy,False,0,-607.368,493.18198874296434,15288.641651031894
TURA.ST,2026-02-18 00:00:00+01:00,0,Hold,True,-1,-607.64,3178.872420262664,14622.812830047356
LOVE-B.ST,2026-02-18 00:00:00+01:00,1,Buy,False,0,-628.286,117.87617260787992,7720.889305816135
NILS.ST,2026-02-18 00:00:00+01:00,-1,Sell,False,0,-633.436,5007.611632270169,14021.312331574944
SOLIDX.ST,2026-02-18 00:00:00+01:00,1,Buy,False,0,-633.62,6789.803001876173,16974.50750469043
SCC-B.ST,2026-02-18 00:00:00+01:00,0,Hold,True,-1,-634.865,4266.889305816135,28374.81429059957
ZAPLOX.ST,2026-02-18 00:00:00+01:00,0,Hold,True,-1,-660.821,29818.485928705442,28804.65801852763
FRILAN.ST,2026-02-18 00:00:00+01:00,0,Hold,True,1,-664.209,9895.05253283302,64317.84146341463
MBBAB.ST,2026-02-18 00:00:00+01:00,0,Hold,True,-1,-705.771,7899757.5459662285,45818.5931839121
BLICK.ST,2026-02-18 00:00:00+01:00,-1,Sell,False,0,-709.683,98673.54596622889,107554.16839677442
GABA.ST,2026-02-18 00:00:00+01:00,0,Hold,True,-1,-716.912,576507.3470919324,18332.93470963394
SCOUT.ST,2026-02-18 00:00:00+01:00,1,Buy,False,0,-719.444,131182.01688555346,16922.47928686384
QCORE.ST,2026-02-18 00:00:00+01:00,1,Buy,False,0,-721.287,42276.74108818011,18601.765978003645
PHAL.ST,2026-02-18 00:00:00+01:00,-1,Sell,False,0,-737.021,55965.81238273921,12424.410509087578
HOODIN.ST,2026-02-18 00:00:00+01:00,-1,Sell,False,0,-749.317,72509.71106941838,5945.796471925099
NOVU.ST,2026-02-18 00:00:00+01:00,1,Buy,False,0,-755.071,3388.6153846153848,10979.113878470202
EXALT.ST,2026-02-18 00:00:00+01:00,-1,Sell,False,0,-757.762,21306.887429643528,5880.700783262837
STHLM.ST,2026-02-18 00:00:00+01:00,-1,Sell,False,0,-782.305,13200.896810506567,3590.6441275928078
UPGRAD.ST,2026-02-18 00:00:00+01:00,-1,Sell,False,0,-801.581,1235.2720450281427,5212.847770848373
AINO.ST,2026-02-18 00:00:00+01:00,-1,Sell,False,0,-835.093,229023.03939962477,36872.70898841783
MONI.ST,2026-02-18 00:00:00+01:00,1,Buy,False,0,-855.314,98306.88555347091,38241.37833967106
FXI.ST,2026-02-18 00:00:00+01:00,-1,Sell,False,0,-858.842,190825.86679174483,21181.67148686227
EASY-B.ST,2026-02-18 00:00:00+01:00,0,Hold,True,1,-901.345,129480.25703564729,16055.551610021022
CHOSA.ST,2026-02-18 00:00:00+01:00,-1,Sell,False,0,-902.898,40049.99249530957,30037.49437148218
BAWAT.ST,2026-02-18 00:00:00+01:00,0,Hold,True,1,-917.265,6203.275797373359,7195.799717896428
WEG.ST,2026-02-18 00:00:00+01:00,0,Hold,True,1,-923.606,8197.577861163227,8935.360142291598
IMS.ST,2026-02-18 00:00:00+01:00,-1,Sell,False,0,-945.702,117091.19324577862,26345.517782382292
OURLIV.ST,2026-02-18 00:00:00+01:00,-1,Sell,False,0,-960.304,51206.73545966229,11675.13569090732
PEXA-B.ST,2026-02-18 00:00:00+01:00,1,Buy,False,0,-976.213,96881.55347091933,21120.17814849644
QBNK.ST,2026-02-18 00:00:00+01:00,1,Buy,False,0,-1043.08,3273.6060037523453,22751.561101688007
ORTI-A.ST,2026-02-18 00:00:00+01:00,1,Buy,False,0,-1046.536,1756.3020637898687,5356.721210812091
STRD-B.ST,2026-02-18 00:00:00+01:00,1,Buy,False,0,-1054.145,1882142.9455909943,67757.14312447979
SOCIAL.ST,2026-02-18 00:00:00+01:00,1,Buy,False,0,-1090.499,41367.6660412758,40747.15164242587
HUNTER.ST,2026-02-18 00:00:00+01:00,-1,Sell,False,0,-1142.951,5651.446529080676,68382.50515773194
